epoch,train_loss,val_AUROC,val_AUPRC,val_MCC,val_F1,val_precision,val_recall,test_AUROC,test_AUPRC,test_MCC,test_F1,test_precision,test_recall
1,1.3062623739242554,0.6534806858087172,0.5121404451981186,0.35384743068497826,0.36666666666666664,0.8461538461538461,0.23404255319148937,0.5751259230280209,0.31804597990194905,0.1960293344405758,0.16666666666666666,0.6764705882352942,0.09504132231404959
2,1.3361722230911255,0.4974178888659368,0.3212330483173921,0.0,0.47715736040609136,0.31333333333333335,1.0,0.573812900386327,0.2644562059060037,0.0,0.36418359668924005,0.22263109475620976,1.0
3,3.457765579223633,0.5739000206568889,0.4381687028033615,0.0,0.0,0.0,0.0,0.42799158883074967,0.19802417874580788,0.0,0.0,0.0,0.0
4,1.3192427158355713,0.635948151208428,0.5129782768550861,0.0,0.47715736040609136,0.31333333333333335,1.0,0.6278179862095946,0.3684986981022412,0.0,0.36418359668924005,0.22263109475620976,1.0
5,1.3014098405838013,0.6689217103904153,0.5310144426915379,0.3596688901860364,0.4094488188976378,0.7878787878787878,0.2765957446808511,0.6181671475377769,0.3534634203536749,0.07706843621008341,0.19886363636363635,0.3181818181818182,0.1446280991735537
6,1.2926446199417114,0.5325862425118778,0.3487532295580998,0.23793499570617302,0.5324232081911263,0.39195979899497485,0.8297872340425532,0.5950657733874517,0.26305909929528304,0.16998667487974958,0.4090909090909091,0.27712609970674484,0.78099173553719
7,1.2594594955444336,0.6537388969221234,0.5016643445075497,0.35384743068497826,0.36666666666666664,0.8461538461538461,0.23404255319148937,0.5704484326861948,0.32429515156269123,0.1960293344405758,0.16666666666666666,0.6764705882352942,0.09504132231404959
8,1.431744933128357,0.651879776905598,0.5021881514844735,0.31293672770233577,0.5647840531561462,0.4106280193236715,0.9042553191489362,0.622592791823561,0.35270717724825584,0.18383687882745925,0.4149377593360996,0.2770083102493075,0.8264462809917356
9,1.2865115404129028,0.6400537079115884,0.48239083666799004,0.0,0.47715736040609136,0.31333333333333335,1.0,0.5979510000489021,0.33545712502023767,0.0,0.36418359668924005,0.22263109475620976,1.0
10,1.2834405899047852,0.634682916752737,0.49437177762470014,0.27852965655110756,0.5503355704697986,0.4019607843137255,0.8723404255319149,0.5887280551616215,0.325098748149659,0.1873225946461427,0.4172043010752688,0.2819767441860465,0.8016528925619835
11,1.2680553197860718,0.646199132410659,0.4956863995650971,0.27852965655110756,0.5503355704697986,0.4019607843137255,0.8723404255319149,0.5955450144261334,0.3311833973883258,0.1873225946461427,0.4172043010752688,0.2819767441860465,0.8016528925619835
12,1.2514758110046387,0.7184466019417476,0.5633428217207677,0.35384743068497826,0.36666666666666664,0.8461538461538461,0.23404255319148937,0.6323389896816471,0.36754577954889345,0.19051149994016076,0.16606498194945848,0.6571428571428571,0.09504132231404959
13,1.2651652097702026,0.6669076637058459,0.526492309718017,0.27852965655110756,0.5503355704697986,0.4019607843137255,0.8723404255319149,0.6274732260746247,0.35715256204610274,0.1873225946461427,0.4172043010752688,0.2819767441860465,0.8016528925619835
14,1.4330558776855469,0.7170522619293535,0.5650039808604358,0.2710047397321799,0.4888888888888889,0.5116279069767442,0.46808510638297873,0.6383686243826104,0.37426311929269224,0.12788859833703925,0.3139784946236559,0.3273542600896861,0.30165289256198347
15,1.218627691268921,0.7539764511464574,0.5943396371447902,0.35384743068497826,0.36666666666666664,0.8461538461538461,0.23404255319148937,0.6519634211941904,0.3873874246672235,0.18212319289425324,0.1708185053380783,0.6153846153846154,0.09917355371900827
16,1.260461449623108,0.7423053088204915,0.5857702199578295,0.38263625226688164,0.4251968503937008,0.8181818181818182,0.2872340425531915,0.6452809428333903,0.3840352502474947,0.1743685921682861,0.2059800664451827,0.5254237288135594,0.128099173553719
17,1.2487400770187378,0.7190146663912415,0.5655202416488923,0.36710708768747746,0.4966442953020134,0.6727272727272727,0.39361702127659576,0.6419384810993203,0.3726871552949942,0.136079535797899,0.2541436464088398,0.38333333333333336,0.19008264462809918
18,1.221205234527588,0.6990291262135921,0.5444874022024696,0.32100586113721485,0.5714285714285714,0.43575418994413406,0.8297872340425532,0.6313976233556653,0.36498963461448986,0.20263187813114766,0.4254807692307692,0.3,0.731404958677686
19,1.1918524503707886,0.6962920884114852,0.5494946455634835,0.30388401657619585,0.5625,0.4175257731958763,0.8617021276595744,0.6273411902782532,0.36269053699824205,0.18902816218516424,0.4184476940382452,0.2874806800618238,0.768595041322314
20,1.1549772024154663,0.6920057839289402,0.5389470822233646,0.2916948925734878,0.5567010309278351,0.41116751269035534,0.8617021276595744,0.6335908846398357,0.3682460196518584,0.20312425178562002,0.42524916943521596,0.29046898638426627,0.7933884297520661
21,1.0907573699951172,0.6485230324313159,0.473181729873624,0.2899159603878119,0.5551839464882943,0.40487804878048783,0.8829787234042553,0.6271602523350776,0.36122293891494484,0.18547650252965195,0.41630901287553645,0.2811594202898551,0.8016528925619835
22,1.5866097211837769,0.6932451972732907,0.5423070430143683,0.28475644780570003,0.5536332179930796,0.41025641025641024,0.851063829787234,0.6404151792263681,0.37025341147767615,0.1863947760693329,0.41713641488162345,0.2868217054263566,0.7644628099173554
23,1.0890264511108398,0.6836913860772568,0.5282734718592051,0.28475644780570003,0.5536332179930796,0.41025641025641024,0.851063829787234,0.6405300992713581,0.3654360196387171,0.18809388985711553,0.41797752808988764,0.28703703703703703,0.768595041322314
24,1.1316369771957397,0.6848275149762446,0.5253453399847793,0.27852965655110756,0.5503355704697986,0.4019607843137255,0.8723404255319149,0.6392537532397673,0.3602984107631978,0.1873225946461427,0.4172043010752688,0.2819767441860465,0.8016528925619835
25,1.0925360918045044,0.6921090683743027,0.5304451814675011,0.2899159603878119,0.5551839464882943,0.40487804878048783,0.8829787234042553,0.6478849821507164,0.37461610905418463,0.18547650252965195,0.41630901287553645,0.2811594202898551,0.8016528925619835
26,1.1328099966049194,0.6976347862011982,0.5401682281392209,0.2753993293735468,0.5491525423728814,0.40298507462686567,0.8617021276595744,0.6649860628881608,0.3990459751071618,0.19561941935898589,0.4212812160694897,0.2857142857142857,0.8016528925619835
27,1.0328154563903809,0.7074468085106383,0.5504416681946191,0.29029674554262147,0.5563380281690141,0.41578947368421054,0.8404255319148937,0.6915448188175461,0.4368201111923744,0.2096391377354136,0.42924528301886794,0.30033003300330036,0.7520661157024794
28,1.0870674848556519,0.7180851063829787,0.5644980589707842,0.30279700394180203,0.5616438356164384,0.41414141414141414,0.8723404255319149,0.7019022935106851,0.4627288190055401,0.18793769748799283,0.41787709497206704,0.28637059724349156,0.7727272727272727
29,0.9999281764030457,0.7329580665151829,0.5857909921347763,0.2143968264005999,0.52046783625731,0.3588709677419355,0.9468085106382979,0.696968066898137,0.44227902461478263,0.19098851557922744,0.4155339805825243,0.2715736040609137,0.8842975206611571
30,1.0567646026611328,0.7384321421193969,0.5913465534551421,0.3323693451766164,0.5733333333333334,0.4174757281553398,0.9148936170212766,0.6989534940583891,0.44470044791814156,0.19467249315616875,0.4204909284951974,0.28345323741007195,0.8140495867768595
31,0.9787243604660034,0.7385354265647593,0.5981290681282135,0.29982292652557835,0.5605536332179931,0.4153846153846154,0.8617021276595744,0.6992371265098537,0.4391892644484984,0.19013863127206546,0.4190260475651189,0.28861154446177845,0.7644628099173554
32,0.9780117273330688,0.7427700888246229,0.6042069505500787,0.30682952899203614,0.563573883161512,0.41624365482233505,0.8723404255319149,0.6957112817252677,0.4281131432483303,0.1873306997285355,0.417607223476298,0.28726708074534163,0.7644628099173554
33,0.9743729829788208,0.7501032844453626,0.6121670939908143,0.3099683133781452,0.564625850340136,0.415,0.8829787234042553,0.6944398259083574,0.42486739841842774,0.1912816441099467,0.4194260485651214,0.286144578313253,0.7851239669421488
34,0.9558422565460205,0.7590373889692212,0.6229486218860562,0.32867622456871504,0.5723905723905723,0.4187192118226601,0.9042553191489362,0.6982688640031297,0.42572936897872526,0.19935656999190707,0.4232456140350877,0.2880597014925373,0.7975206611570248
35,0.9458756446838379,0.7659058045858292,0.6302818403390182,0.33260450886924753,0.5743243243243243,0.4207920792079208,0.9042553191489362,0.7023766443346864,0.43007980104339866,0.20312425178562002,0.42524916943521596,0.29046898638426627,0.7933884297520661
36,0.9337645173072815,0.7731357157612064,0.6390223404787143,0.33653125598254713,0.576271186440678,0.4228855721393035,0.9042553191489362,0.7029145679495329,0.431189516861006,0.19446602489492731,0.42117117117117114,0.2894736842105263,0.7727272727272727
37,0.9228377342224121,0.7735488535426565,0.6387097781969505,0.3179671945200486,0.5684931506849316,0.41919191919191917,0.8829787234042553,0.7001075847229694,0.4259627947375608,0.19803858194903345,0.4229471316085489,0.29057187017001546,0.7768595041322314
38,0.9107072949409485,0.7742718446601943,0.6595564152574056,0.31396876084448994,0.5665529010238908,0.41708542713567837,0.8829787234042553,0.6972859308523645,0.41989756141398654,0.19325174247672675,0.42046718576195774,0.2876712328767123,0.78099173553719
39,0.8962552547454834,0.7786614335881016,0.6706259713282944,0.33260450886924753,0.5743243243243243,0.4207920792079208,0.9042553191489362,0.6957406230133503,0.41431203896512125,0.19388461087781464,0.42059145673603504,0.28614008941877794,0.7933884297520661
40,0.8890976905822754,0.7777318735798389,0.6682588522535067,0.32124827433029707,0.5694915254237288,0.417910447761194,0.8936170212765957,0.695114675534256,0.4129452607963136,0.1959194076601829,0.42175360710321863,0.2883156297420334,0.7851239669421488
41,0.86985182762146,0.775769469117951,0.6666933322564894,0.32124827433029707,0.5694915254237288,0.417910447761194,0.8936170212765957,0.6944153748349552,0.4100964878428629,0.18593593249143534,0.41685144124168516,0.28484848484848485,0.7768595041322314
42,0.8665696382522583,0.778506506920058,0.6705847502767373,0.3555566633406838,0.5838926174496645,0.4264705882352941,0.925531914893617,0.693143919018045,0.405902214955252,0.17529853733142303,0.41139240506329117,0.2762039660056657,0.8057851239669421
43,0.8511525392532349,0.7776802313571575,0.674678940304791,0.28885017670600144,0.5555555555555556,0.41237113402061853,0.851063829787234,0.6854320504670155,0.39329303148348466,0.19054054644235754,0.41924398625429554,0.2900158478605388,0.756198347107438
44,0.8481653332710266,0.7788163602561454,0.6818420403215516,0.29982292652557835,0.5605536332179931,0.4153846153846154,0.8617021276595744,0.6822436304953787,0.3888221848875667,0.16983623994623298,0.4089935760171306,0.27601156069364163,0.7892561983471075
45,0.8335537314414978,0.7816050402809337,0.6843561905889725,0.29982292652557835,0.5605536332179931,0.4153846153846154,0.8617021276595744,0.6781309599491419,0.3833549761538284,0.16512794370117911,0.4067796610169492,0.27350427350427353,0.7933884297520661
46,0.826011061668396,0.7785065069200579,0.6823195068046763,0.29982292652557835,0.5605536332179931,0.4153846153846154,0.8617021276595744,0.6709130030808351,0.37563554074256805,0.17422529902859543,0.4111111111111111,0.2811550151975684,0.7644628099173554
47,0.8245194554328918,0.775407973559182,0.6807605689332076,0.29982292652557835,0.5605536332179931,0.4153846153846154,0.8617021276595744,0.6642134089686538,0.37286555154452267,0.17715516206675463,0.412327311370882,0.27753934191702434,0.8016528925619835
48,0.8061738014221191,0.7722577979756249,0.6800686292912255,0.31086014483476226,0.5655172413793104,0.41836734693877553,0.8723404255319149,0.6644725903467162,0.37277312542730046,0.176224281176493,0.4118268215417107,0.2765957446808511,0.8057851239669421
49,0.8085120916366577,0.7687977690559803,0.6760888442834209,0.29982292652557835,0.5605536332179931,0.4153846153846154,0.8617021276595744,0.6660570199031738,0.3720301158250541,0.1695407640783887,0.4088397790055249,0.2790346907993967,0.7644628099173554
50,0.8040785193443298,0.7755112580045445,0.6803177946480579,0.29982292652557835,0.5605536332179931,0.4153846153846154,0.8617021276595744,0.6649371607413567,0.37258316204271225,0.17346793805434038,0.4106382978723404,0.27650429799426934,0.7975206611570248
51,0.7900556921958923,0.7782482958066516,0.6848032148441109,0.3219641654105844,0.570446735395189,0.4213197969543147,0.8829787234042553,0.6685265783167881,0.3763212283449131,0.18277121852436523,0.41465968586387436,0.2776998597475456,0.8181818181818182
52,0.7894865870475769,0.7748657302210288,0.6816593536595559,0.29982292652557835,0.5605536332179931,0.4153846153846154,0.8617021276595744,0.6734754755733776,0.3799253410445211,0.19900350952530438,0.4236111111111111,0.2942122186495177,0.756198347107438
53,0.7910486459732056,0.7822247469531088,0.6902146198881585,0.30108841423536675,0.5592105263157895,0.40476190476190477,0.9042553191489362,0.6717590102205486,0.379752675349471,0.17794740159207387,0.41106719367588934,0.2701298701298701,0.859504132231405
54,0.7914513945579529,0.7827928114026028,0.6890352221445799,0.29982292652557835,0.5605536332179931,0.4153846153846154,0.8617021276595744,0.673294537630202,0.3810839640051875,0.19211363487698735,0.4197802197802198,0.28592814371257486,0.7892561983471075
55,0.7689207792282104,0.7898677959099358,0.6940854482099066,0.28885017670600144,0.5555555555555556,0.41237113402061853,0.851063829787234,0.6773925375323977,0.3852561977240361,0.18061891834366206,0.4142538975501114,0.28353658536585363,0.768595041322314
56,0.767342209815979,0.8013840115678579,0.708158471551562,0.3331373850982952,0.5753424657534246,0.42424242424242425,0.8936170212765957,0.6786346520612255,0.39035591151794585,0.1800752532836735,0.4132917964693666,0.27600554785020803,0.8223140495867769
57,0.7691928744316101,0.8032947738070646,0.7087443552326341,0.31086014483476226,0.5655172413793104,0.41836734693877553,0.8723404255319149,0.6846691769768691,0.3993276586874733,0.19833875384568997,0.42229367631296894,0.28509406657018815,0.8140495867768595
58,0.7517037391662598,0.8049989671555464,0.7088268319234652,0.31086014483476226,0.5655172413793104,0.41836734693877553,0.8723404255319149,0.6890850408332927,0.40766436018882146,0.20414786507832372,0.4258639910813824,0.2916030534351145,0.7892561983471075
59,0.7515406608581543,0.8106279694278042,0.7107828540061283,0.34045699993992995,0.5782312925170068,0.425,0.9042553191489362,0.6871631864638859,0.40958809900974,0.16815573035990586,0.4077471967380224,0.2706359945872801,0.8264462809917356
60,0.7550641298294067,0.8094401983061351,0.7078518065918855,0.28885017670600144,0.5555555555555556,0.41237113402061853,0.851063829787234,0.6890508093305296,0.4096158556528582,0.20452968078728906,0.4265402843601896,0.29900332225913623,0.743801652892562
61,0.7622358202934265,0.8163602561454245,0.7164269622329132,0.30532387310835,0.5594855305466238,0.4009216589861751,0.925531914893617,0.6865372389847915,0.40704316630141724,0.1719716028773552,0.4093686354378819,0.2716216216216216,0.8305785123966942
62,0.7542862892150879,0.8110927494319355,0.7103644366342047,0.31086014483476226,0.5655172413793104,0.41836734693877553,0.8723404255319149,0.6849039072815297,0.4060038113802494,0.1924530540551844,0.4201117318435754,0.2879019908116386,0.7768595041322314
63,0.7421566843986511,0.8123838049989671,0.7104374602693807,0.31086014483476226,0.5655172413793104,0.41836734693877553,0.8723404255319149,0.6870115898087925,0.41395229856125243,0.1858162877230462,0.41675854465270123,0.28421052631578947,0.78099173553719
64,0.7294578552246094,0.8206982028506506,0.7152800252506992,0.31687667837223715,0.5666666666666667,0.41262135922330095,0.9042553191489362,0.691808890410289,0.42394245751374937,0.1669603085667071,0.40760295670538543,0.27375886524822696,0.7975206611570248
65,0.7352024912834167,0.8214211939681884,0.71348750989995,0.3219641654105844,0.570446735395189,0.4213197969543147,0.8829787234042553,0.6975744535185094,0.43276920594306123,0.1924202078728177,0.42020665901262916,0.29093799682034976,0.756198347107438
66,0.7224354147911072,0.8216277628589135,0.7138554402272896,0.3179671945200486,0.5684931506849316,0.41919191919191917,0.8829787234042553,0.6981612792801604,0.433819402049264,0.21334995812273072,0.43105446118192353,0.2995169082125604,0.768595041322314
67,0.7222113013267517,0.8243648006610205,0.7190877673107771,0.30142224141223545,0.5576923076923077,0.39908256880733944,0.925531914893617,0.6979363294048608,0.4330826066921218,0.18362938064467807,0.41541755888650966,0.28034682080924855,0.8016528925619835
68,0.7211636304855347,0.8169799628175998,0.7154938965619553,0.30682952899203614,0.563573883161512,0.41624365482233505,0.8723404255319149,0.6960878282556604,0.4313515118391277,0.2020785269091039,0.4252336448598131,0.2964169381107492,0.7520661157024794
69,0.7100006341934204,0.8194587895063004,0.7207507781961728,0.32124827433029707,0.5694915254237288,0.417910447761194,0.8936170212765957,0.6962492053401144,0.4340163830461573,0.19353337206709886,0.42069741282339707,0.2890262751159196,0.7727272727272727
70,0.7051608562469482,0.8240033051022516,0.7266265258632081,0.33245179071821745,0.5723684210526315,0.4142857142857143,0.925531914893617,0.6994278448823904,0.4398617695645982,0.1924530540551844,0.4201117318435754,0.2879019908116386,0.7768595041322314
71,0.7027960419654846,0.8246230117744268,0.7237630137471621,0.2957600730325555,0.5586206896551724,0.413265306122449,0.8617021276595744,0.7029047875201722,0.44645002803822004,0.21645163641438053,0.43296432964329645,0.30823117338003503,0.7272727272727273
72,0.7060557007789612,0.8458479652964265,0.7391997156782543,0.29052689063209225,0.5459940652818991,0.3786008230452675,0.9787234042553191,0.7080786346520611,0.45157556505403285,0.19138041063706013,0.4173387096774194,0.276,0.8553719008264463
73,0.7300106883049011,0.8318529229498037,0.7285614881046735,0.30794389899209573,0.5644599303135889,0.41968911917098445,0.8617021276595744,0.704689715878527,0.4477426637067272,0.2264719078196453,0.438489646772229,0.31088082901554404,0.743801652892562
74,0.7147216796875,0.8381016318942367,0.7323577890568478,0.3291755138721533,0.5733788395904437,0.4221105527638191,0.8936170212765957,0.7033400166267298,0.4475776424122406,0.18593593249143534,0.41685144124168516,0.28484848484848485,0.7768595041322314
75,0.6961883902549744,0.8485850030985332,0.7409650369319857,0.34401286749402754,0.5780730897009967,0.42028985507246375,0.925531914893617,0.7073010905178738,0.453451974575705,0.19018622745536248,0.4187568157033806,0.28444444444444444,0.7933884297520661
76,0.6980050802230835,0.8489464986573022,0.7385998431707613,0.36008884140509156,0.5882352941176471,0.4358974358974359,0.9042553191489362,0.7102352193261284,0.4568094423646095,0.22677273375429152,0.43838862559241704,0.3073089700996678,0.7644628099173554
77,0.6920130848884583,0.8448151208428011,0.7354781086670695,0.3837198263605429,0.6007067137809188,0.4497354497354497,0.9042553191489362,0.7129492884737642,0.4629904867127598,0.2324501630961887,0.441527446300716,0.3104026845637584,0.7644628099173554
78,0.6875567436218262,0.8381016318942367,0.7347218049514356,0.32085863436632256,0.5667752442996743,0.4084507042253521,0.925531914893617,0.7145434984595824,0.4657284073469379,0.20333864855409814,0.425531914893617,0.29185867895545314,0.7851239669421488
79,0.6880869269371033,0.8273600495765339,0.726805453843721,0.34594520021009867,0.5824561403508772,0.43455497382198954,0.8829787234042553,0.7153601643112133,0.4662538961517242,0.22611648797233494,0.43825665859564167,0.3099315068493151,0.7479338842975206
80,0.6799352765083313,0.8367072918818426,0.7337963270654849,0.3847855128504508,0.6021505376344086,0.4540540540540541,0.8936170212765957,0.7154286273167392,0.46569308798416376,0.2226384672710886,0.43636363636363634,0.30874785591766724,0.743801652892562
81,0.6710021495819092,0.8529745920264409,0.7431302765883185,0.4317739947077755,0.6223776223776224,0.4635416666666667,0.9468085106382979,0.7171744339576507,0.46756033703083577,0.21922528772917474,0.43427230046948356,0.30327868852459017,0.7644628099173554
82,0.6742491126060486,0.8470357364180955,0.7309288645651827,0.42226144355276846,0.6209386281588448,0.46994535519125685,0.9148936170212766,0.7184067680571176,0.47088946600614523,0.21503692694808665,0.43211334120425027,0.30247933884297523,0.756198347107438
83,0.6708038449287415,0.8545755009295601,0.7368091771106581,0.4089883379895282,0.6095890410958904,0.4494949494949495,0.9468085106382979,0.7208372047532886,0.4740118434337235,0.20220050754967073,0.4247787610619469,0.29003021148036257,0.7933884297520661
84,0.6778013706207275,0.851631894236728,0.732005913852907,0.4275757711500443,0.625,0.47752808988764045,0.9042553191489362,0.723282312093501,0.4780588457001192,0.23656109739567807,0.4439083232810615,0.313458262350937,0.7603305785123967
85,0.6662369966506958,0.8578289609584797,0.7304979247020954,0.4409426051013894,0.6304347826086957,0.47802197802197804,0.925531914893617,0.7278057606728936,0.4794098824114858,0.2274483474355734,0.4386792452830189,0.3069306930693069,0.768595041322314
86,0.6681563854217529,0.8691386077256765,0.7457657274204975,0.3646592314926362,0.5844155844155844,0.4205607476635514,0.9574468085106383,0.7316641400557484,0.48383068425997333,0.22061297455223994,0.4322033898305085,0.2905982905982906,0.8429752066115702
87,0.6819937825202942,0.8495145631067962,0.7335435450898729,0.400087334851691,0.6135458167330677,0.49044585987261147,0.8191489361702128,0.7233850066017898,0.481793471569531,0.23922160983501567,0.44534412955465585,0.3306613226452906,0.6818181818181818
88,0.6767482757568359,0.8638711010121877,0.7443954593492738,0.4543342901129384,0.6338028169014085,0.47368421052631576,0.9574468085106383,0.7243288180351117,0.48367102162297315,0.2150101131616699,0.43187066974595845,0.29967948717948717,0.7727272727272727
89,0.6533004641532898,0.8775046478000413,0.7556401187195293,0.40250056460543315,0.6026490066225165,0.4375,0.9680851063829787,0.7272042642672013,0.48591838249469227,0.1952457426800191,0.42152466367713004,0.28923076923076924,0.7768595041322314
90,0.6554149985313416,0.8665564965916133,0.7461986937432854,0.4292457431193705,0.6283524904214559,0.49101796407185627,0.8723404255319149,0.7249498752995257,0.4860039556717788,0.23106290073816163,0.44058744993324434,0.3254437869822485,0.6818181818181818
91,0.6647453904151917,0.8646973765750878,0.745299369354166,0.3878631524996612,0.5947712418300654,0.42924528301886794,0.9680851063829787,0.7253851044060834,0.4876290208509292,0.196846826065085,0.4222222222222222,0.2887537993920973,0.7851239669421488
92,0.6751152873039246,0.8425945052675068,0.7236968653153084,0.387780036659414,0.6051660516605166,0.4632768361581921,0.8723404255319149,0.7255464814905375,0.4895186565490136,0.23244579174409963,0.44191919191919193,0.3181818181818182,0.7231404958677686
93,0.6582900881767273,0.8632513943400124,0.7406093422185577,0.4821435766457042,0.652014652014652,0.4972067039106145,0.9468085106382979,0.7237419922734607,0.48950259403553387,0.20898261357158987,0.42891566265060244,0.30272108843537415,0.7355371900826446
94,0.6417989730834961,0.8775562900227225,0.7594114079015808,0.46256969558429045,0.6402877697841727,0.483695652173913,0.9468085106382979,0.7271553621203972,0.4911198593168262,0.21804164722660035,0.43356643356643354,0.30194805194805197,0.768595041322314
95,0.6690956950187683,0.8630448254492873,0.7356980307901709,0.45429718214793874,0.6394052044609665,0.49142857142857144,0.9148936170212766,0.7237908944202651,0.49132279973006665,0.22571387579809973,0.4381188118811881,0.3127208480565371,0.731404958677686
96,0.671852171421051,0.8605659987605867,0.7435066510318575,0.4089883379895282,0.6095890410958904,0.4494949494949495,0.9468085106382979,0.7271455816910362,0.49713825130834904,0.20333864855409814,0.425531914893617,0.29185867895545314,0.7851239669421488
97,0.6710957884788513,0.8553501342697789,0.7398465663602766,0.39188484275763275,0.6083650190114068,0.47337278106508873,0.851063829787234,0.7276688346618417,0.4997722216574945,0.22658123027561494,0.43859649122807015,0.3147482014388489,0.7231404958677686
98,0.6472740769386292,0.8642842387936378,0.7435192606881666,0.43602205163959323,0.6328125,0.5,0.8617021276595744,0.7299036627707957,0.5003782451279885,0.23182857587828992,0.44121532364597094,0.32427184466019415,0.6900826446280992
99,0.6511886119842529,0.880964676719686,0.7621083201367631,0.4017081192667208,0.5980707395498392,0.42857142857142855,0.9893617021276596,0.7333708249792167,0.5020951979975955,0.20023374082593037,0.42295430393198724,0.28469241773962806,0.8223140495867769
100,0.6579258441925049,0.8703780210700269,0.7566378781012646,0.47059121759916894,0.6490566037735849,0.5029239766081871,0.9148936170212766,0.7331849968213605,0.5039460273163258,0.2196621666570855,0.43456162642947904,0.3137614678899083,0.7066115702479339
101,0.6348347067832947,0.8590167320801488,0.7423311877956101,0.4044785439230788,0.616,0.4935897435897436,0.8191489361702128,0.731982004009976,0.5037353033243084,0.2544465358931153,0.45429362880886426,0.3416666666666667,0.6776859504132231
102,0.6449053287506104,0.8724953521999587,0.7530139337555689,0.4108602319253442,0.6052631578947368,0.4380952380952381,0.9787234042553191,0.7273314098488923,0.5005971786489064,0.19467249315616875,0.4204909284951974,0.28345323741007195,0.8140495867768595
103,0.656005322933197,0.8815843833918613,0.7621852972521221,0.4684795352545454,0.648854961832061,0.5059523809523809,0.9042553191489362,0.733444178199423,0.5054334502498248,0.22064606867026804,0.4351145038167939,0.31433823529411764,0.7066115702479339
104,0.6335293054580688,0.8821008056186739,0.7638022010382135,0.46913609097849573,0.6509803921568628,0.515527950310559,0.8829787234042553,0.7340114431023521,0.5053548500545335,0.22981366861510358,0.4400527009222661,0.3230174081237911,0.6900826446280992
105,0.6432532668113708,0.878227638917579,0.7608656619969254,0.4543342901129384,0.6338028169014085,0.47368421052631576,0.9574468085106383,0.7336642378600421,0.5089431759237427,0.2139598810048806,0.4304635761589404,0.2936746987951807,0.8057851239669421
106,0.6341512799263,0.8744577566618467,0.7572927525179489,0.45172839704563433,0.6353790613718412,0.4808743169398907,0.9361702127659575,0.7351753141962932,0.5116116236724573,0.2145192945266665,0.43173862310385064,0.3008130081300813,0.7644628099173554
107,0.6288115382194519,0.8764718033464161,0.7577742458817782,0.4292457431193705,0.6283524904214559,0.49101796407185627,0.8723404255319149,0.7399628343684288,0.5156135891813127,0.2551936354596316,0.45513654096228867,0.33206831119544594,0.7231404958677686
108,0.6337046027183533,0.8826688700681677,0.7661199948537463,0.4619586084553293,0.6382978723404256,0.4787234042553192,0.9574468085106383,0.7385251112523841,0.5124642083438399,0.22967777065883785,0.43891402714932126,0.30218068535825543,0.8016528925619835
109,0.6373858451843262,0.8816876678372237,0.7638263897418319,0.47696264732597976,0.651685393258427,0.5028901734104047,0.925531914893617,0.7382170277275173,0.5132411907623227,0.23153496979324603,0.44139650872817954,0.31607142857142856,0.731404958677686
110,0.6255851984024048,0.8776595744680851,0.7602339336609949,0.4437114500319532,0.6360153256704981,0.49700598802395207,0.8829787234042553,0.7371362902831433,0.5145528226057055,0.2398108419734765,0.4461343472750317,0.3217550274223035,0.7272727272727273
111,0.6149899363517761,0.8809130344970049,0.7628915823167166,0.46649793823643787,0.6466165413533834,0.5,0.9148936170212766,0.7378600420558462,0.5153633935952951,0.22588380239118405,0.43818849449204406,0.31130434782608696,0.7396694214876033
112,0.6189042329788208,0.8890208634579632,0.7698107215802087,0.47059121759916894,0.6490566037735849,0.5029239766081871,0.9148936170212766,0.7399921756565113,0.5157643172581383,0.22482709080457491,0.4375,0.30847457627118646,0.7520661157024794
113,0.6170885562896729,0.8898987812435446,0.7712284310617026,0.4955571951863821,0.6616541353383458,0.5116279069767442,0.9361702127659575,0.7404469656217908,0.5155002347904707,0.22377856514609107,0.43703703703703706,0.31161971830985913,0.731404958677686
114,0.6122167706489563,0.8875748812228879,0.7729894262832854,0.46887356232380845,0.6468401486988847,0.49714285714285716,0.925531914893617,0.7399090420069441,0.5157872737863173,0.2185437425854935,0.4339622641509434,0.30363036303630364,0.7603305785123967
115,0.6070618033409119,0.8849411278661434,0.7785277823269102,0.4623663920935711,0.6461538461538462,0.5060240963855421,0.8936170212765957,0.7436451660227885,0.5205856941212612,0.24722908291140236,0.45045045045045046,0.32710280373831774,0.7231404958677686
116,0.6111170053482056,0.8927391034910144,0.7904089563694071,0.4579652853149745,0.6341463414634146,0.47150259067357514,0.9680851063829787,0.7424030514939606,0.5187230200543749,0.19777422184274543,0.42269187986651835,0.289193302891933,0.7851239669421488
117,0.6152210235595703,0.882720512290849,0.7809882215668579,0.5310265387433382,0.6887966804979253,0.564625850340136,0.8829787234042553,0.7440657244853048,0.5216609768582933,0.2662644315043426,0.46174863387978143,0.3448979591836735,0.6983471074380165
118,0.6165528297424316,0.887213385664119,0.7828019592335295,0.41943096198145674,0.6078431372549019,0.4386792452830189,0.9893617021276596,0.7389578952516015,0.5131561785026368,0.20157710653863511,0.42190669371196754,0.27956989247311825,0.859504132231405
119,0.6495857238769531,0.8746126833298905,0.7700283564661562,0.5114368232786797,0.6785714285714286,0.5846153846153846,0.8085106382978723,0.7417722138001859,0.511586188905023,0.286174742067122,0.47337278106508873,0.3686635944700461,0.6611570247933884
120,0.6537200808525085,0.8954244990704401,0.7930525347050307,0.43918857540794526,0.625,0.4639175257731959,0.9574468085106383,0.7444324905863368,0.5170500126678546,0.22402570137956745,0.4344086021505376,0.2936046511627907,0.8347107438016529
121,0.6223541498184204,0.8924292501549267,0.7898847604035575,0.41294616424379765,0.6101694915254238,0.44776119402985076,0.9574468085106383,0.7437869822485207,0.5150915894324694,0.21235607306111964,0.4271047227926078,0.28415300546448086,0.859504132231405
122,0.6274117231369019,0.8835984300764306,0.7837687082769582,0.48295665315487124,0.6564885496183206,0.5119047619047619,0.9148936170212766,0.737131400068463,0.5096198084586832,0.23100516642616536,0.44110275689223055,0.31654676258992803,0.7272727272727273
123,0.6066006422042847,0.8734249122082215,0.7733894756989993,0.4547247836578375,0.6431372549019608,0.5093167701863354,0.8723404255319149,0.7342804049097754,0.5038838007150594,0.2390750035245429,0.4456094364351245,0.32629558541266795,0.7024793388429752
124,0.6223869323730469,0.887781450113613,0.7862191147378559,0.47820536286176407,0.6496350364963503,0.49444444444444446,0.9468085106382979,0.7347400850897354,0.4987390257937344,0.200886040838322,0.4245939675174014,0.29516129032258065,0.756198347107438
125,0.6054192781448364,0.891499690146664,0.7857321281402581,0.47696264732597976,0.651685393258427,0.5028901734104047,0.925531914893617,0.7433224118538804,0.5049716579124073,0.22393963836445924,0.43683589138134593,0.30578512396694213,0.7644628099173554
126,0.6081826090812683,0.8845279900846933,0.7812736045754439,0.4792782075562195,0.65625,0.5185185185185185,0.8936170212765957,0.7475133258350041,0.5079067506977801,0.24982983477544338,0.45170068027210886,0.3367139959432049,0.6859504132231405
127,0.6143525838851929,0.8784858500309853,0.7770218296103807,0.4623663920935711,0.6461538461538462,0.5060240963855421,0.8936170212765957,0.7406572448530491,0.5026967839816661,0.2584017313270361,0.4570673712021136,0.3359223300970874,0.7148760330578512
128,0.5973983407020569,0.8833918611857055,0.7787230002695554,0.46649793823643787,0.6466165413533834,0.5,0.9148936170212766,0.7354589466477578,0.5002480676339647,0.21753009294698797,0.43353293413173655,0.30522765598650925,0.7479338842975206
129,0.6037935614585876,0.8892274323486882,0.7857553577225469,0.485106677734862,0.6566037735849056,0.5087719298245614,0.925531914893617,0.7392488630250869,0.5047447629185204,0.2220396770069278,0.43605359317904996,0.30915371329879104,0.7396694214876033
130,0.5938042402267456,0.8927391034910143,0.7902219663282076,0.5741526788686769,0.7136929460580913,0.5850340136054422,0.9148936170212766,0.7452540466526479,0.5098914389801098,0.2404937200353147,0.4464751958224543,0.32633587786259544,0.7066115702479339
131,0.6072264909744263,0.8886077256765131,0.7816085643909372,0.47291146355140107,0.6492537313432836,0.5,0.925531914893617,0.742339478703115,0.5077884008580665,0.2145192945266665,0.43173862310385064,0.3008130081300813,0.7644628099173554
132,0.5922098755836487,0.885044412311506,0.778748589566546,0.4568350620590345,0.6397058823529411,0.4887640449438202,0.925531914893617,0.7423052472003521,0.5083120805840231,0.218283456923432,0.43376318874560377,0.3027823240589198,0.7644628099173554
133,0.5906358957290649,0.8825655856228052,0.7846206392711078,0.5495325680569019,0.70042194092827,0.5804195804195804,0.8829787234042553,0.7467651229888992,0.5166382006154692,0.2758479933933259,0.46742209631728043,0.35560344827586204,0.6818181818181818
134,0.593539834022522,0.8861288989878124,0.7829564075694333,0.47146470751352965,0.6470588235294118,0.4943820224719101,0.9361702127659575,0.7373074477969583,0.5061903034761818,0.1989696056321024,0.42342342342342343,0.29102167182662536,0.7768595041322314
135,0.6448460817337036,0.8886593678991945,0.7846895804544223,0.5540667287882418,0.703862660944206,0.5899280575539568,0.8723404255319149,0.7407746100053791,0.510954308447531,0.26361810672517566,0.46005509641873277,0.3450413223140496,0.6900826446280992
136,0.6050821542739868,0.8893823590167321,0.7797744942314415,0.5225343634728459,0.6796875,0.5370370370370371,0.925531914893617,0.745611032324319,0.5129031389559147,0.23110868537670273,0.44114002478314746,0.31504424778761064,0.7355371900826446
137,0.5976008772850037,0.8903119190249948,0.7805562906786749,0.50605164797607,0.6666666666666666,0.5144508670520231,0.9468085106382979,0.7457088366179276,0.5126754829882116,0.23784072059520622,0.4444444444444444,0.3126050420168067,0.768595041322314
138,0.6229435801506042,0.8864903945465813,0.7755232977370027,0.5788922510836808,0.72,0.6183206106870229,0.8617021276595744,0.7439777006210573,0.5089585927859797,0.29293645053118633,0.47720364741641336,0.37740384615384615,0.6487603305785123
139,0.6256201267242432,0.8973352613096468,0.787592349948037,0.5353341942913785,0.6877470355731226,0.5471698113207547,0.925531914893617,0.7454545454545455,0.5116943344347838,0.23150282352175702,0.4410011918951132,0.3098827470686767,0.7644628099173554
140,0.5854140520095825,0.8915513323693453,0.7714096067746261,0.4092179553225447,0.6081081081081081,0.44554455445544555,0.9574468085106383,0.7426426720133014,0.5095650327352655,0.20229909231179496,0.42348008385744235,0.28370786516853935,0.8347107438016529
141,0.6392301321029663,0.8798801900433795,0.7700050217746486,0.42035475628460484,0.615916955017301,0.4564102564102564,0.9468085106382979,0.7360115409066458,0.5022846290969265,0.18833618517577472,0.4178454842219804,0.28360413589364847,0.7933884297520661
142,0.6968404650688171,0.8697066721751705,0.767859964733332,0.5723688408949739,0.714975845410628,0.6548672566371682,0.7872340425531915,0.7395031541884687,0.5028677279493234,0.3067180765922194,0.48475120385232745,0.3963254593175853,0.6239669421487604
143,0.7293789386749268,0.8960442057426152,0.7842032206176353,0.5252481556265692,0.6825396825396826,0.5443037974683544,0.9148936170212766,0.7534109247395961,0.5157427330458176,0.2368937085877308,0.4439140811455847,0.31208053691275167,0.768595041322314
144,0.5966164469718933,0.8862838256558563,0.7512240309139855,0.4180852534776105,0.609271523178808,0.4423076923076923,0.9787234042553191,0.7575969485060394,0.5297181220356908,0.22039401799622738,0.42857142857142855,0.2819843342036554,0.8925619834710744
145,0.6394879817962646,0.8823590167320802,0.7618254218897004,0.42065262899143296,0.6175438596491228,0.4607329842931937,0.9361702127659575,0.7527116240402955,0.5235959490990951,0.21484992469621128,0.43010752688172044,0.29069767441860467,0.8264462809917356
146,0.6510411500930786,0.892687461268333,0.7879372779931261,0.49330931524851623,0.6615969581749049,0.514792899408284,0.925531914893617,0.7527409653283781,0.5146820238958356,0.24244364298362786,0.44653349001175086,0.31198686371100165,0.7851239669421488
147,0.603559672832489,0.8843730634166495,0.7765369239012424,0.47342955767423045,0.6535433070866141,0.51875,0.8829787234042553,0.7456257029683602,0.5102450540162431,0.2570128569528264,0.45605095541401275,0.3296500920810313,0.7396694214876033
148,0.6063073873519897,0.8747676099979342,0.7653174845421324,0.474292654380802,0.6557377049180327,0.5333333333333333,0.851063829787234,0.7435473617291799,0.5088522879934063,0.2662481421906458,0.46174142480211083,0.3391472868217054,0.7231404958677686
149,0.63214111328125,0.8820491633959926,0.7679515310660694,0.46087468413945376,0.6477732793522267,0.5228758169934641,0.851063829787234,0.7464228079612696,0.514314020221729,0.2535755932058251,0.45408163265306123,0.3284132841328413,0.7355371900826446
150,0.6185641884803772,0.8927907457136954,0.7708801092896721,0.5339346924048608,0.688,0.5512820512820513,0.9148936170212766,0.7579881656804734,0.5223818407486918,0.26340759125034513,0.45977011494252873,0.33271719038817005,0.743801652892562
151,0.6059868335723877,0.8962507746333401,0.774897530628141,0.5689882942312461,0.7112970711297071,0.5862068965517241,0.9042553191489362,0.7701990317374933,0.5318177718815442,0.28329209115861853,0.47218453188602444,0.3515151515151515,0.71900826446281
152,0.6093432903289795,0.8987296013220409,0.775825688365023,0.5540341341958003,0.6984126984126984,0.5569620253164557,0.9361702127659575,0.7745464325883906,0.5327656453337841,0.2733827694386196,0.4635603345280765,0.32605042016806723,0.8016528925619835
153,0.6220993399620056,0.8880913034497004,0.7717672739957964,0.5651056834865819,0.7117117117117117,0.6171875,0.8404255319148937,0.7778130959949142,0.5387695108930022,0.3582142248125093,0.5192629815745393,0.43661971830985913,0.640495867768595
154,0.6262449622154236,0.8847862011980996,0.7623476233131257,0.48295665315487124,0.6564885496183206,0.5119047619047619,0.9148936170212766,0.756853635874615,0.518326253733278,0.25268845421747127,0.4533001245330012,0.3244206773618538,0.7520661157024794
155,0.6014389991760254,0.8808613922743234,0.7613433492409621,0.4583513815455082,0.6417910447761194,0.4942528735632184,0.9148936170212766,0.7460462614308767,0.5117388629021389,0.22038804826988947,0.43509615384615385,0.30677966101694915,0.7479338842975206
156,0.590446412563324,0.8786407766990292,0.7621027340952224,0.4676761984881071,0.6507936507936508,0.5189873417721519,0.8723404255319149,0.7444960633771822,0.514736374814914,0.2344064929868199,0.4430379746835443,0.3193430656934307,0.7231404958677686
157,0.6001418232917786,0.8860772567651312,0.7613642687800115,0.4754469628069832,0.6494464944649446,0.4971751412429379,0.9361702127659575,0.7451000048902148,0.5135403391637676,0.21342690197409003,0.4312796208530806,0.3023255813953488,0.7520661157024794
158,0.5858635306358337,0.8888659367899194,0.7615709667186696,0.43542123500448315,0.6228373702422145,0.46153846153846156,0.9574468085106383,0.7499388723164947,0.518187288615876,0.21034416133241404,0.4287292817679558,0.29260935143288086,0.8016528925619835
159,0.5960341095924377,0.887419954554844,0.7670647007736532,0.5371961610658077,0.6910569105691057,0.5592105263157895,0.9042553191489362,0.7519389701207884,0.5262470031449153,0.25219988498588997,0.4533678756476684,0.330188679245283,0.7231404958677686
160,0.5836542844772339,0.8871617434414377,0.7654556689926774,0.556036654158256,0.7020408163265306,0.5695364238410596,0.9148936170212766,0.7534255953836374,0.5293704448234829,0.25969953228127984,0.4578313253012048,0.33861386138613864,0.7066115702479339
161,0.5761744379997253,0.8904152034703574,0.7682755909258364,0.5100868236613542,0.6691729323308271,0.5174418604651163,0.9468085106382979,0.7531713042202552,0.519496221828504,0.2487724125561544,0.4499411071849234,0.31466227347611203,0.7892561983471075
162,0.5837174654006958,0.8904668456930387,0.7710345178180464,0.5637026731189458,0.70995670995671,0.5985401459854015,0.8723404255319149,0.7515868746637977,0.5177787633590156,0.27644624078452973,0.4675324675324675,0.35920177383592017,0.6694214876033058
163,0.5642392039299011,0.8947015079529024,0.7792444830833495,0.5978194476740009,0.7312775330396476,0.6240601503759399,0.8829787234042553,0.7501736026211551,0.5127057751476567,0.27611234393675016,0.4669603524229075,0.3621867881548975,0.6570247933884298
164,0.5692377686500549,0.8940818012807272,0.7745633817984597,0.49679245987374865,0.6593406593406593,0.5027932960893855,0.9574468085106383,0.7487358795051102,0.5089977712383881,0.22656299500914193,0.4377880184331797,0.3035143769968051,0.7851239669421488
165,0.5870679616928101,0.8953212146250775,0.7812974058486882,0.5839467698682846,0.7232142857142857,0.6230769230769231,0.8617021276595744,0.7474130764340554,0.5102650265513216,0.2631409690414123,0.45911047345767575,0.3516483516483517,0.6611570247933884
166,0.5629395842552185,0.8955794257384838,0.779680212564005,0.5788922510836808,0.72,0.6183206106870229,0.8617021276595744,0.7501589319771138,0.5139883593932408,0.2681740903186077,0.46262341325811,0.3511777301927195,0.6776859504132231
167,0.560549795627594,0.8941334435034084,0.7762699256645641,0.511910888955523,0.6717557251908397,0.5238095238095238,0.9361702127659575,0.753836373416793,0.51491049706545,0.2258213058582183,0.4375,0.30385852090032156,0.78099173553719
168,0.574578046798706,0.8946498657302211,0.7788508965319145,0.5830120192888262,0.7203389830508474,0.5985915492957746,0.9042553191489362,0.7539732994278449,0.5192961832198769,0.26181970385481984,0.45910290237467016,0.3372093023255814,0.71900826446281
169,0.5537111163139343,0.8908283412518074,0.774812473768411,0.5830120192888262,0.7203389830508474,0.5985915492957746,0.9042553191489362,0.7519732016235514,0.5159045199520278,0.2583324985171659,0.45698924731182794,0.3386454183266932,0.7024793388429752
170,0.5472246408462524,0.8850960545341873,0.7713920676524161,0.49330931524851623,0.6615969581749049,0.514792899408284,0.925531914893617,0.7465303926842389,0.5099015280683417,0.2304940698821205,0.440046565774156,0.3063209076175041,0.78099173553719
171,0.5566649436950684,0.8821524478413552,0.7717471972237563,0.5300320971650611,0.6896551724137931,0.5797101449275363,0.851063829787234,0.747938774512201,0.5113266189210819,0.2756618265939407,0.46749654218533887,0.35135135135135137,0.6983471074380165
172,0.5442517995834351,0.8823590167320802,0.7713413567578057,0.5396958585318701,0.6956521739130435,0.5882352941176471,0.851063829787234,0.746994963078879,0.5108304892366187,0.28116612607626235,0.4709141274238227,0.3541666666666667,0.7024793388429752
173,0.5396667718887329,0.8819458789506301,0.7670783762157676,0.5008045972813903,0.6693227091633466,0.535031847133758,0.8936170212765957,0.7458604332730207,0.5115681997068805,0.22232412316089104,0.43601895734597157,0.30564784053156147,0.7603305785123967
174,0.5415858030319214,0.8885044412311507,0.7739692879590979,0.5160985119473708,0.680672268907563,0.5625,0.8617021276595744,0.7492786933346374,0.5140752626667947,0.2459212875040838,0.4496732026143791,0.32887189292543023,0.7107438016528925
175,0.5396594405174255,0.8868518901053501,0.770201760927328,0.5362979757580145,0.691358024691358,0.5637583892617449,0.8936170212765957,0.7521688102107683,0.5176561870855411,0.2459212875040838,0.4496732026143791,0.32887189292543023,0.7107438016528925
176,0.5293989181518555,0.893255525717827,0.7739614517525477,0.5408375192749587,0.6942148760330579,0.5675675675675675,0.8936170212765957,0.7539195070663602,0.5222941603513018,0.25112635915302517,0.45268542199488493,0.3277777777777778,0.731404958677686
177,0.5307317972183228,0.8949080768436273,0.776221071005646,0.5597772988268974,0.7053941908713693,0.5782312925170068,0.9042553191489362,0.7536309844002151,0.524253861825447,0.2501391530059234,0.4521072796934866,0.32717190388170053,0.731404958677686
178,0.5243061184883118,0.8903119190249948,0.7726098266792544,0.5448665449433223,0.6974789915966386,0.5763888888888888,0.8829787234042553,0.7534598268864005,0.5247095640886951,0.25879347741081893,0.45729303547963207,0.3352601156069364,0.71900826446281
179,0.5222516059875488,0.8881429456723817,0.7713950130868571,0.5301507540023818,0.6893617021276596,0.574468085106383,0.8617021276595744,0.7546726001271455,0.5213488347327984,0.2658698368039713,0.46153846153846156,0.33984375,0.71900826446281
180,0.5203641653060913,0.889382359016732,0.7690404450158554,0.4974337710551971,0.6641221374045801,0.5178571428571429,0.925531914893617,0.7537630201965867,0.5197759735146503,0.2338293687268548,0.4416184971098266,0.30658105939004815,0.7892561983471075
181,0.5364445447921753,0.8902602768023136,0.775887768147848,0.5741276713219603,0.7169811320754716,0.6440677966101694,0.8085106382978723,0.7520416646290773,0.5224854192109281,0.3410898034271716,0.50814332247557,0.41935483870967744,0.6446280991735537
182,0.5713659524917603,0.8921193968188391,0.7645494624552531,0.36277621268155813,0.577639751552795,0.40789473684210525,0.9893617021276596,0.7432783999217566,0.5181081821980293,0.141893900178582,0.3952205882352941,0.2541371158392435,0.8884297520661157
183,0.6467949748039246,0.8864903945465813,0.771848342690109,0.5204223109105299,0.683982683982684,0.5766423357664233,0.8404255319148937,0.7357865910313464,0.5072682050090116,0.20994800072143235,0.4292803970223325,0.3067375886524823,0.7148760330578512
184,0.55201256275177,0.8814810989464987,0.7639800908184251,0.5895409935163511,0.7254901960784313,0.6727272727272727,0.7872340425531915,0.7358892855396353,0.5064375035263724,0.2493542320178714,0.44992743105950656,0.34675615212527966,0.640495867768595
185,0.5967029333114624,0.8822557322867176,0.7544368508962201,0.4279610080503988,0.6202090592334495,0.46113989637305697,0.9468085106382979,0.7534744975304416,0.5221998791858671,0.22861358972124557,0.43655913978494626,0.29505813953488375,0.8388429752066116
186,0.5786423683166504,0.8815843833918613,0.7510322441681196,0.41294616424379765,0.6101694915254238,0.44776119402985076,0.9574468085106383,0.7503594307790111,0.5221400635708712,0.21950718306512595,0.4320855614973262,0.29148629148629146,0.8347107438016529
187,0.5710830688476562,0.8818942367279488,0.7668799191445947,0.5540667287882418,0.703862660944206,0.5899280575539568,0.8723404255319149,0.7344075504914667,0.5020734859681979,0.22488692928732248,0.4366576819407008,0.324,0.6694214876033058
188,0.627669632434845,0.8792604833712042,0.7548062029687177,0.43542123500448315,0.6228373702422145,0.46153846153846156,0.9574468085106383,0.7411951684678957,0.5161013806876364,0.2085043007478874,0.42778390297684676,0.29172932330827067,0.8016528925619835
189,0.6293640732765198,0.866091716587482,0.7353488936009807,0.42837302570428337,0.6219081272084805,0.4656084656084656,0.9361702127659575,0.73778668883564,0.516504152769222,0.236897760791303,0.4441747572815534,0.31443298969072164,0.756198347107438
190,0.6424757838249207,0.8605659987605866,0.7367787135595972,0.474292654380802,0.6557377049180327,0.5333333333333333,0.851063829787234,0.7403540515428627,0.5184536007569147,0.25617051823844794,0.4544138929088278,0.34966592427616927,0.6487603305785123
191,0.6043742299079895,0.8708944432968395,0.7375619626798081,0.4995742872212313,0.6693548387096774,0.538961038961039,0.8829787234042553,0.7463054428089393,0.5244013549902589,0.2673272012210144,0.46218487394957986,0.3495762711864407,0.6818181818181818
192,0.6076728105545044,0.8770915100185912,0.7353923955684698,0.4245406446132041,0.6148648648648649,0.4504950495049505,0.9680851063829787,0.747073206513766,0.5239815203713581,0.20855756643292614,0.4267515923566879,0.28714285714285714,0.8305785123966942
193,0.6071154475212097,0.8912931212559388,0.7651844743878207,0.47427928840835676,0.6472727272727272,0.49171270718232046,0.9468085106382979,0.7523839796567069,0.5170199459209024,0.2418426643574069,0.4457274826789838,0.3092948717948718,0.7975206611570248
194,0.5680538415908813,0.8871617434414377,0.7655589997615798,0.5317826730936265,0.6885245901639344,0.56,0.8936170212765957,0.7430827913345397,0.49300782021000933,0.2449193353949515,0.4490861618798956,0.3282442748091603,0.7107438016528925
195,0.5710815191268921,0.8831336500722992,0.7689783628706774,0.5327515843483518,0.6882591093117408,0.5555555555555556,0.9042553191489362,0.7379089442026505,0.49254328068771935,0.23136972844918308,0.44054054054054054,0.3273092369477912,0.6735537190082644
196,0.5647770166397095,0.8874199545548441,0.7753954792877047,0.4245092820092444,0.6197183098591549,0.4631578947368421,0.9361702127659575,0.7407648295760183,0.5049362411758518,0.22043318668737716,0.43498817966903075,0.304635761589404,0.7603305785123967
197,0.5496788024902344,0.8927391034910142,0.7800429314370141,0.4241547355377509,0.6180555555555556,0.4587628865979381,0.9468085106382979,0.7425888796518167,0.5054244496658373,0.22589816424960568,0.43673012318029114,0.2995391705069124,0.8057851239669421
198,0.5587588548660278,0.8986779590993597,0.7859952390224301,0.5471269643901313,0.6963562753036437,0.5620915032679739,0.9148936170212766,0.7446232089588734,0.5020931071492281,0.2286448024458383,0.43953185955786733,0.3206831119544592,0.6983471074380165
199,0.5462495684623718,0.9023961991324106,0.7898586058530114,0.5974050085734417,0.7288135593220338,0.6056338028169014,0.9148936170212766,0.7477676169983862,0.5064615701567539,0.27100455541933405,0.46467391304347827,0.34615384615384615,0.7066115702479339
200,0.5364724397659302,0.9032741169179922,0.7885662587591544,0.5570847577378735,0.7016129032258065,0.564935064935065,0.925531914893617,0.7525306860971197,0.5146930039886541,0.27133260622791755,0.4645161290322581,0.33771106941838647,0.743801652892562
201,0.5316872000694275,0.9029642635819046,0.7848766014767206,0.5615023444319109,0.7044534412955465,0.5686274509803921,0.925531914893617,0.7554550344760135,0.5184562482405998,0.27713045359249106,0.46825396825396826,0.3443579766536965,0.731404958677686
202,0.5307067632675171,0.9036872546994423,0.7854699931481506,0.6073015846131065,0.7368421052631579,0.6268656716417911,0.8936170212765957,0.7574698029243485,0.522930034458901,0.2862376517847073,0.4740532959326788,0.35881104033970274,0.6983471074380165
203,0.5261395573616028,0.9066825036149556,0.7885991907890711,0.6368490925070428,0.7555555555555555,0.648854961832061,0.9042553191489362,0.7610885617878624,0.5256469997079539,0.28391962922540825,0.47248322147651006,0.3499005964214712,0.7272727272727273
204,0.5203613042831421,0.9033774013633548,0.7804958016457402,0.5877445349912337,0.723404255319149,0.6028368794326241,0.9042553191489362,0.7652012323340994,0.530062875024244,0.2528418821874014,0.45320197044334976,0.32280701754385965,0.7603305785123967
205,0.5175721049308777,0.8941850857260896,0.7712876634092403,0.5833537407614181,0.7224669603524229,0.6165413533834586,0.8723404255319149,0.7640960438163236,0.53186343024795,0.2720752767472477,0.4651773981603154,0.34104046242774566,0.731404958677686
206,0.5097478628158569,0.886645321214625,0.7613404269375831,0.5788922510836808,0.72,0.6183206106870229,0.8617021276595744,0.7604577240940877,0.5302646597563287,0.2976995365877416,0.4812239221140473,0.36268343815513626,0.7148760330578512
207,0.5142682790756226,0.8939785168353646,0.7669573001957761,0.5597772988268974,0.7053941908713693,0.5782312925170068,0.9042553191489362,0.76140642574209,0.5357635394566671,0.2362442308904953,0.44364508393285373,0.3125,0.7644628099173554
208,0.5087809562683105,0.8981615368725471,0.7722432416380863,0.5937892720693972,0.7242798353909465,0.5906040268456376,0.9361702127659575,0.7615433517531421,0.5334641352652318,0.2557342581084543,0.45488257107540175,0.32451499118165783,0.7603305785123967
209,0.5026901960372925,0.8949080768436274,0.7676016385207802,0.5925071746146049,0.7264957264957265,0.6071428571428571,0.9042553191489362,0.7577485451611325,0.5295918215801632,0.3108733119462861,0.48951048951048953,0.3699788583509514,0.7231404958677686
210,0.5057740211486816,0.888194587895063,0.7574742567930574,0.5317826730936265,0.6885245901639344,0.56,0.8936170212765957,0.7559831776614993,0.5331705351784235,0.25799837600828224,0.45663265306122447,0.33025830258302585,0.7396694214876033
211,0.49999886751174927,0.8908799834744887,0.7612078514963225,0.514096875227755,0.6744186046511628,0.5304878048780488,0.925531914893617,0.755885373367891,0.5343681401177485,0.25177482112296806,0.45223700120918986,0.31965811965811963,0.7727272727272727
212,0.500083327293396,0.8937203057219583,0.7667745374371356,0.6021429802384467,0.7319148936170212,0.6099290780141844,0.9148936170212766,0.752833879407306,0.5213033639222376,0.30348430237681645,0.48493543758967,0.37142857142857144,0.6983471074380165
213,0.49501264095306396,0.89051848791572,0.7632054775874721,0.5267813202611288,0.6823529411764706,0.5403726708074534,0.925531914893617,0.7561592253899946,0.5318331535860912,0.23878821913877682,0.4449760765550239,0.31313131313131315,0.768595041322314
214,0.48874303698539734,0.8872650278868003,0.7641219228372313,0.5037024289757885,0.6666666666666666,0.5176470588235295,0.9361702127659575,0.7573328769132965,0.5367843487197671,0.2416854150709435,0.4468864468864469,0.317157712305026,0.756198347107438
215,0.4855861961841583,0.8832369345176616,0.7647996482476352,0.5183762043065722,0.680161943319838,0.5490196078431373,0.8936170212765957,0.7563401633331703,0.5357353104568177,0.2815597488984715,0.4708994708994709,0.3463035019455253,0.7355371900826446
216,0.48510608077049255,0.887006816773394,0.7690698527670004,0.4915071476510249,0.6591760299625468,0.5086705202312138,0.9361702127659575,0.7547899652794757,0.5343799547881742,0.23909498259593776,0.4452466907340554,0.3140916808149406,0.7644628099173554
217,0.4822250008583069,0.8933588101631895,0.7772213238278357,0.5183063820914517,0.6770428015564203,0.5337423312883436,0.925531914893617,0.7512739009242506,0.5252338591651406,0.23846767365409502,0.4449818621523579,0.3145299145299145,0.7603305785123967
218,0.4791952669620514,0.8938752323900021,0.7729793728717778,0.5973006507502167,0.7296137339055794,0.6115107913669064,0.9042553191489362,0.7504474546432589,0.5188412738293087,0.2785899814439745,0.4692737430167598,0.35443037974683544,0.6942148760330579
219,0.4817962944507599,0.8865420367692626,0.7708506771485489,0.4361235027099205,0.6263345195729537,0.47058823529411764,0.9361702127659575,0.755205633527312,0.5349697992042098,0.23179912238144926,0.44036697247706424,0.3047619047619048,0.7933884297520661
220,0.48963797092437744,0.8849411278661433,0.7627962339509633,0.5952021905146792,0.730593607305936,0.64,0.851063829787234,0.7534940583891634,0.5304611572710164,0.3087434671513475,0.4880952380952381,0.3813953488372093,0.6776859504132231
221,0.48721328377723694,0.8892274323486883,0.7729462441042652,0.4912763374099678,0.6615384615384615,0.5180722891566265,0.9148936170212766,0.7580223971832365,0.5417491222140077,0.23878821913877682,0.4449760765550239,0.31313131313131315,0.768595041322314
222,0.4753415882587433,0.8952695724023962,0.7796762051030578,0.5483187089028365,0.696,0.5576923076923077,0.925531914893617,0.7618709961367304,0.5427629536355894,0.2737447129242779,0.46540880503144655,0.3345388788426763,0.7644628099173554
223,0.4672979712486267,0.8955277835158025,0.7783788770788714,0.5973006507502167,0.7296137339055794,0.6115107913669064,0.9042553191489362,0.7655484375764096,0.5456835518157904,0.32286138171405143,0.4971751412429379,0.3776824034334764,0.7272727272727273
224,0.4744410216808319,0.8908283412518075,0.7708308209271267,0.5100868236613542,0.6691729323308271,0.5174418604651163,0.9468085106382979,0.7610641107144603,0.5471792934283641,0.2586330703377496,0.456575682382134,0.3262411347517731,0.7603305785123967
225,0.4755656123161316,0.8955794257384838,0.7723084022825276,0.6028271893695695,0.7345132743362832,0.6287878787878788,0.8829787234042553,0.7571177074673577,0.53750077175116,0.3256824548767629,0.49926144756277696,0.38850574712643676,0.6983471074380165
226,0.47116413712501526,0.8989361702127658,0.7816317063753913,0.5741526788686769,0.7136929460580913,0.5850340136054422,0.9148936170212766,0.753939067925082,0.5305265868169777,0.29424965785855434,0.47891156462585033,0.35699797160243407,0.7272727272727273
227,0.4619339406490326,0.9008469324519727,0.7845593459872567,0.5327331694942571,0.6848249027237354,0.5398773006134969,0.9361702127659575,0.7576458506528437,0.5320108517746657,0.25365899730474045,0.4538653366583541,0.325,0.7520661157024794
228,0.4636004567146301,0.8979549679818218,0.7796541944654977,0.6217565572713049,0.7456140350877193,0.6343283582089553,0.9042553191489362,0.7588537336789084,0.5272015469798429,0.32687327022503543,0.5,0.392018779342723,0.6900826446280992
229,0.4644370377063751,0.8935653790539145,0.7698833529622024,0.4703649319542401,0.644927536231884,0.489010989010989,0.9468085106382979,0.7594161083671573,0.5391300559530263,0.25064777261357696,0.4510035419126328,0.315702479338843,0.7892561983471075
230,0.47699010372161865,0.8945982235075398,0.7772079270775454,0.6284193773774497,0.751131221719457,0.6535433070866141,0.8829787234042553,0.7545405643307741,0.5191012562864727,0.35058141000468823,0.5152,0.42036553524804177,0.6652892561983471
231,0.4804344177246094,0.887213385664119,0.7710145788135307,0.42035475628460484,0.615916955017301,0.4564102564102564,0.9468085106382979,0.7565259914910265,0.5314957553686471,0.21757950595782388,0.432194046306505,0.29473684210526313,0.8099173553719008
232,0.4980830252170563,0.8941334435034084,0.7746418361096686,0.556036654158256,0.7020408163265306,0.5695364238410596,0.9148936170212766,0.7552447552447553,0.5144988336662597,0.2893825092778697,0.47580645161290325,0.35258964143426297,0.731404958677686
233,0.45345431566238403,0.8958892790745713,0.7785487694346629,0.6496119227534871,0.7649769585253456,0.6747967479674797,0.8829787234042553,0.760897843415326,0.5064750426558098,0.3682102195302472,0.5261382799325464,0.4444444444444444,0.6446280991735537
234,0.4961891174316406,0.8968188390828342,0.7760459303255266,0.41350358115703906,0.6086956521739131,0.44390243902439025,0.9680851063829787,0.7651865616900582,0.539024008788253,0.19840662246636576,0.42083758937691523,0.27951153324287653,0.8512396694214877
235,0.5267460942268372,0.8976451146457344,0.7820208679498196,0.5126027028514175,0.6691449814126395,0.5142857142857142,0.9574468085106383,0.7681402513570346,0.5371738658548949,0.2500256736261908,0.45011600928074247,0.31290322580645163,0.8016528925619835
236,0.47793811559677124,0.8960958479652964,0.7770265780354408,0.5943484519511053,0.7298578199052133,0.6581196581196581,0.8191489361702128,0.7710450388772067,0.5291431263751617,0.36556285114928605,0.5243697478991597,0.44192634560906513,0.6446280991735537
237,0.5011165738105774,0.8928940301590581,0.779793335618829,0.5627027254008123,0.704,0.5641025641025641,0.9361702127659575,0.7609809770648932,0.5280775409824977,0.27233279055803766,0.4654255319148936,0.3431372549019608,0.7231404958677686
238,0.46019524335861206,0.888969221235282,0.7741643447741291,0.4850760953806655,0.6521739130434783,0.4945054945054945,0.9574468085106383,0.7556555332779109,0.5245822860094345,0.23878821913877682,0.4449760765550239,0.31313131313131315,0.768595041322314
239,0.48597660660743713,0.8960442057426151,0.7779254304867468,0.5659437258748947,0.7073170731707317,0.5723684210526315,0.925531914893617,0.7574942539977505,0.5081795573695552,0.2938182251008274,0.478494623655914,0.3545816733067729,0.7355371900826446
240,0.46370527148246765,0.8927391034910143,0.7661293703516525,0.6086945689114982,0.7387387387387387,0.640625,0.8723404255319149,0.7597535331801066,0.5018585095009842,0.3431970319881701,0.5103011093502378,0.4138817480719794,0.6652892561983471
241,0.4814029932022095,0.9022929146870481,0.7885332470274882,0.5714623753670339,0.7096774193548387,0.5714285714285714,0.9361702127659575,0.7656071201525747,0.5261188153482831,0.3176561451400438,0.49372384937238495,0.3726315789473684,0.731404958677686
242,0.45440444350242615,0.893255525717827,0.7845526346064794,0.5160399845948667,0.6743295019157088,0.5269461077844312,0.9361702127659575,0.7698224852071006,0.5473665886798338,0.29762899826136174,0.48031496062992124,0.35192307692307695,0.756198347107438
243,0.4586836099624634,0.8892790745713697,0.778045396624865,0.5552113016795023,0.7024793388429752,0.5743243243243243,0.9042553191489362,0.7751479289940828,0.5552678525196157,0.35386290985971386,0.5176470588235295,0.4018264840182648,0.7272727272727273
244,0.45534172654151917,0.9029642635819045,0.7915133448786156,0.5877445349912337,0.723404255319149,0.6028368794326241,0.9042553191489362,0.7750990268472785,0.5449386744896925,0.3800746549387942,0.5356037151702786,0.4282178217821782,0.7148760330578512
245,0.45513808727264404,0.9087998347448875,0.7983416736295211,0.5684271234804158,0.7063492063492064,0.5632911392405063,0.9468085106382979,0.762418700180938,0.5261388371182558,0.29588545924868553,0.47876447876447875,0.34766355140186916,0.768595041322314
246,0.4523255527019501,0.9018797769055981,0.7912101879834229,0.5814513908192936,0.714859437751004,0.5741935483870968,0.9468085106382979,0.759205829135899,0.5185478652151525,0.302690323741613,0.48348745046235136,0.3553398058252427,0.756198347107438
247,0.4442952275276184,0.8909316256971699,0.7757213831520923,0.5973006507502167,0.7296137339055794,0.6115107913669064,0.9042553191489362,0.7576703017262458,0.5213271565733775,0.3070009369895165,0.48717948717948717,0.3717391304347826,0.7066115702479339
248,0.4545014798641205,0.8999690146663912,0.7834286809967623,0.5839588664885894,0.71900826446281,0.5878378378378378,0.925531914893617,0.7550491466575383,0.519387343279107,0.28406434946948733,0.4717948717948718,0.3420074349442379,0.7603305785123967
249,0.4486251473426819,0.9047717413757488,0.7894259587592929,0.6021256903594383,0.7327586206896551,0.6159420289855072,0.9042553191489362,0.7606875641840677,0.5226055515339819,0.30268965674674275,0.4838709677419355,0.35856573705179284,0.743801652892562
250,0.447502464056015,0.9025511258004545,0.7878211472198542,0.6086945689114982,0.7387387387387387,0.640625,0.8723404255319149,0.7703115066751431,0.5398442041278454,0.354052630328146,0.5179640718562875,0.4061032863849765,0.7148760330578512
251,0.44144532084465027,0.893462094608552,0.7772569584490658,0.5639207484040017,0.7088607594936709,0.5874125874125874,0.8936170212765957,0.7675778766687856,0.5422485180849708,0.32732980954602464,0.5,0.3798283261802575,0.731404958677686
252,0.4430120289325714,0.8985230324313158,0.7845099209239293,0.5695850840840458,0.7107438016528925,0.581081081081081,0.9148936170212766,0.7675827668834663,0.5399053395668097,0.30205590431232027,0.48293963254593175,0.35384615384615387,0.7603305785123967
253,0.43636420369148254,0.8987812435447222,0.7794726244567565,0.5984487591862055,0.7321428571428571,0.6307692307692307,0.8723404255319149,0.7702626045283388,0.5386377802741048,0.33824358410948113,0.5071633237822349,0.3881578947368421,0.731404958677686
254,0.4417707026004791,0.8922226812642017,0.7719327658484163,0.579635311961554,0.7207207207207207,0.625,0.851063829787234,0.7718225830113942,0.5427867743021427,0.34944578144551564,0.5148809523809523,0.40232558139534885,0.7148760330578512
255,0.44035544991493225,0.8824106589547615,0.7654372329402602,0.535614182078327,0.6916666666666667,0.5684931506849316,0.8829787234042553,0.7717198885031052,0.5460812563305261,0.3169941113463153,0.49206349206349204,0.36186770428015563,0.768595041322314
256,0.4432893991470337,0.8712042966329272,0.751370198479417,0.5171741128493155,0.6818181818181818,0.5952380952380952,0.7978723404255319,0.7763313609467455,0.5531511701072004,0.369488593615102,0.5284178187403994,0.42053789731051344,0.7107438016528925
257,0.4520576596260071,0.8832369345176616,0.7627496719781847,0.6111290561191098,0.7407407407407407,0.6557377049180327,0.851063829787234,0.7674262800136927,0.5356646903743181,0.3604179757994869,0.5221518987341772,0.4230769230769231,0.6818181818181818
258,0.44122979044914246,0.8986779590993597,0.783190591879665,0.5880185944372497,0.7226890756302521,0.5972222222222222,0.9148936170212766,0.7512983519976526,0.5089865187947111,0.3013489279309808,0.48313090418353577,0.3587174348697395,0.7396694214876033
259,0.44036975502967834,0.891912827928114,0.7751256463264536,0.6069830353273618,0.7359307359307359,0.6204379562043796,0.9042553191489362,0.7494889725658958,0.5127216327258273,0.30623048889694754,0.4866385372714487,0.36886993603411516,0.7148760330578512
260,0.4329872727394104,0.887213385664119,0.7644514841574591,0.5928466119549082,0.7280701754385965,0.6194029850746269,0.8829787234042553,0.7583353709227835,0.5308798183832253,0.33474351347341186,0.5050798258345428,0.38926174496644295,0.71900826446281
261,0.4327724277973175,0.8866969634373064,0.762989196253615,0.5993303767273594,0.7330316742081447,0.6377952755905512,0.8617021276595744,0.7603697002298401,0.528991632519074,0.33494174792384573,0.5052950075642966,0.39856801909307876,0.6900826446280992
262,0.4356215000152588,0.8973352613096468,0.7804523067287937,0.5828893434295583,0.721030042918455,0.60431654676259,0.8936170212765957,0.7558902635825712,0.5156817456000468,0.30166001591054714,0.48322147651006714,0.35785288270377735,0.743801652892562
263,0.4275050759315491,0.8935653790539145,0.7784429549114578,0.5833537407614181,0.7224669603524229,0.6165413533834586,0.8723404255319149,0.7538657147048755,0.5104496050884482,0.30360994476760433,0.48502139800285304,0.37037037037037035,0.7024793388429752
264,0.42953625321388245,0.8945982235075397,0.7744623820050539,0.5983326488931329,0.7272727272727273,0.5945945945945946,0.9361702127659575,0.7654848647855641,0.5386324393008278,0.3209889001712332,0.4935400516795866,0.35902255639097747,0.7892561983471075
265,0.4515513777732849,0.8878847345589754,0.7653718779633963,0.5391129600767597,0.6926829268292682,0.6396396396396397,0.7553191489361702,0.7715634016333317,0.5477558248726491,0.3550175191787568,0.5186335403726708,0.4154228855721393,0.6900826446280992
266,0.4503096044063568,0.8859223300970874,0.7739798281761215,0.5783089287511016,0.7172995780590717,0.5944055944055944,0.9042553191489362,0.7770013203579638,0.5490312126596896,0.3043728208648349,0.48468708388814913,0.3575638506876228,0.7520661157024794
267,0.44260528683662415,0.8855091923156372,0.7772954281867097,0.6045346048846728,0.7363636363636363,0.6428571428571429,0.8617021276595744,0.7704288718274732,0.5325442307241203,0.34384151079040565,0.5112107623318386,0.40046838407494145,0.7066115702479339
268,0.4605098366737366,0.8641809543482751,0.7562285473640212,0.4204160320381336,0.6143344709897611,0.45226130653266333,0.9574468085106383,0.7569710010269451,0.5272172873658345,0.2330209951067917,0.43934426229508194,0.2986627043090639,0.8305785123966942
269,0.5167126655578613,0.8780727122495352,0.7696885099862856,0.5040008242647925,0.6720647773279352,0.5424836601307189,0.8829787234042553,0.7584282850017114,0.5092046507183206,0.3240409878913006,0.4972677595628415,0.37142857142857144,0.7520661157024794
270,0.48123079538345337,0.8870584589960752,0.7766133590702791,0.5702413760772692,0.7149321266968326,0.6220472440944882,0.8404255319148937,0.7610690009291409,0.496626446061052,0.35041771561145235,0.5140961857379768,0.4293628808864266,0.640495867768595
271,0.5001590251922607,0.8955277835158025,0.7766960386327255,0.5346412553845629,0.6846153846153846,0.536144578313253,0.9468085106382979,0.7727321629419532,0.5046226342002329,0.2949107756502423,0.47539015606242496,0.3350253807106599,0.8181818181818182
272,0.4613485336303711,0.8918611857054327,0.7826085555370859,0.4889689215409716,0.6545454545454545,0.4972375690607735,0.9574468085106383,0.7824245684385545,0.5374088509232832,0.2746291255037975,0.4608501118568233,0.3159509202453988,0.8512396694214877
273,0.4777200222015381,0.8762652344556909,0.7645270480105415,0.5258468060418509,0.6861924686192469,0.5655172413793104,0.8723404255319149,0.7771186855102938,0.5423052209879222,0.3539682608115343,0.5178571428571429,0.4046511627906977,0.71900826446281
274,0.4505893886089325,0.8777628589134476,0.7623846342029533,0.530128222748246,0.6899563318777293,0.5851851851851851,0.8404255319148937,0.7718568145141571,0.5398676174579727,0.3585825236786644,0.5209580838323353,0.4084507042253521,0.71900826446281
275,0.431734561920166,0.8811196033877299,0.7700768021889183,0.5383099026298984,0.6907630522088354,0.5548387096774193,0.9148936170212766,0.7561445547459533,0.5270364897056894,0.30687795042986693,0.4856396866840731,0.3549618320610687,0.768595041322314
276,0.4454768896102905,0.8810163189423673,0.7707699050337111,0.496654083581133,0.6694915254237288,0.5563380281690141,0.8404255319148937,0.7526333806054085,0.5284074534034909,0.2986388754201051,0.480946123521682,0.35260115606936415,0.756198347107438
277,0.4429949223995209,0.8893307167940507,0.7771144785258722,0.5379808288466342,0.6944444444444444,0.6147540983606558,0.7978723404255319,0.7629370629370629,0.5420864661271054,0.331320304544327,0.5029411764705882,0.3904109589041096,0.7066115702479339
278,0.43173643946647644,0.8972836190869655,0.7818563423106274,0.6078706717953618,0.7377777777777778,0.6335877862595419,0.8829787234042553,0.7765220793192821,0.5491320424597599,0.364170213465888,0.5233380480905233,0.3978494623655914,0.7644628099173554
279,0.4306611716747284,0.9017764924602355,0.7829764448472325,0.6263089599367708,0.7478260869565218,0.6323529411764706,0.9148936170212766,0.7829918333414836,0.5465016716655188,0.3652650744670418,0.5240793201133145,0.39870689655172414,0.7644628099173554
280,0.4192747473716736,0.9059595124974179,0.7840996088355846,0.615063242877275,0.7431192660550459,0.6532258064516129,0.8617021276595744,0.7892659787764683,0.5371751400945566,0.39183092161150096,0.5437201907790143,0.4418604651162791,0.7066115702479339
281,0.42560693621635437,0.9004337946705226,0.7803542032332706,0.6217565572713049,0.7456140350877193,0.6343283582089553,0.9042553191489362,0.7867132867132867,0.5311805137798317,0.3572346735003576,0.5194805194805194,0.3991130820399113,0.743801652892562
282,0.41868019104003906,0.895217930179715,0.779154696452745,0.5973006507502167,0.7296137339055794,0.6115107913669064,0.9042553191489362,0.7801946305442808,0.5256710301821027,0.34390482334451816,0.5106990014265336,0.3899782135076253,0.7396694214876033
283,0.41938483715057373,0.8858706878744061,0.7681447279147983,0.5309755317636521,0.6905829596412556,0.5968992248062015,0.8191489361702128,0.7782238740280699,0.5322146614153505,0.37521618350382824,0.5313868613138686,0.4108352144469526,0.7520661157024794
284,0.41343507170677185,0.8823073745093989,0.7651343057608097,0.5396554214675836,0.6952789699570815,0.5827338129496403,0.8617021276595744,0.7775294635434495,0.5362313368878225,0.3504660855773228,0.5152838427947598,0.39775280898876403,0.731404958677686
285,0.4042452573776245,0.8921710390415204,0.7719435448425103,0.5732882530816874,0.7155172413793104,0.6014492753623188,0.8829787234042553,0.7754168908015061,0.5331650733635817,0.3564902097838574,0.5196374622356495,0.4095238095238095,0.7107438016528925
286,0.40388140082359314,0.8994009502168974,0.7789794124328603,0.5941649404365261,0.7297297297297297,0.6328125,0.8617021276595744,0.7734119027825322,0.5291079768316049,0.3662624324364964,0.526148969889065,0.4267352185089974,0.6859504132231405
287,0.3996238708496094,0.8869551745507127,0.7658033614381232,0.5745219121707312,0.7174887892376681,0.6201550387596899,0.851063829787234,0.770125678517287,0.5306856757854306,0.355048184943926,0.5185185185185185,0.40415704387990764,0.7231404958677686
288,0.39894044399261475,0.8684156166081388,0.7511100557337147,0.5686846640072946,0.7136150234741784,0.6386554621848739,0.8085106382978723,0.7711917453176194,0.5335678534122483,0.36079700659583414,0.5223880597014925,0.4088785046728972,0.7231404958677686
289,0.397339791059494,0.8599462920884116,0.7418917918373852,0.5317341948552083,0.6909090909090909,0.6031746031746031,0.8085106382978723,0.7736808645899556,0.5329999273838301,0.3718745164634531,0.5285714285714286,0.4039301310043668,0.7644628099173554
290,0.3888151943683624,0.8676926254906012,0.7509799492061491,0.540877963913745,0.6952380952380952,0.6293103448275862,0.776595744680851,0.7769279671377575,0.5303811030343852,0.3894647185584147,0.5416036308623298,0.42720763723150357,0.7396694214876033
291,0.39182719588279724,0.8822557322867176,0.7642128295637334,0.5600064520350382,0.7085201793721974,0.6124031007751938,0.8404255319148937,0.7747909433224118,0.5266491333165992,0.3431734088850012,0.5098039215686274,0.3855932203389831,0.7520661157024794
292,0.39452189207077026,0.8763168766783722,0.7627988401235284,0.5712830373576967,0.7155963302752294,0.6290322580645161,0.8297872340425532,0.7733972321384909,0.5267565199206108,0.3733371804240302,0.5307346326836582,0.4164705882352941,0.731404958677686
293,0.38979005813598633,0.8610307787647181,0.7523628319654946,0.5505439451659129,0.6995073891625616,0.6513761467889908,0.7553191489361702,0.7721013252481783,0.5319720600431341,0.3704719018608923,0.5290519877675841,0.4199029126213592,0.7148760330578512
294,0.3863667845726013,0.8643358810163189,0.7566227758463369,0.5354246200161593,0.6933333333333334,0.5954198473282443,0.8297872340425532,0.7724974326372929,0.5349963899987572,0.3407350930419442,0.5084745762711864,0.38626609442060084,0.743801652892562
295,0.39004045724868774,0.8625800454451559,0.7526888702884786,0.5505439451659129,0.6995073891625616,0.6513761467889908,0.7553191489361702,0.7740965328377916,0.5337552314168226,0.37129008570981537,0.5289256198347108,0.44077134986225897,0.6611570247933884
296,0.4026441276073456,0.8639743854575501,0.7636770368220189,0.49317950352447754,0.6666666666666666,0.5436241610738255,0.8617021276595744,0.7711428431708153,0.5363269132927704,0.2993107036544546,0.4798994974874372,0.3447653429602888,0.7892561983471075
297,0.43999144434928894,0.8360875852096675,0.7439714229365344,0.5498816798479585,0.694300518134715,0.6767676767676768,0.7127659574468085,0.7723898479143235,0.5294411375165893,0.39929069694058755,0.5482233502538071,0.46418338108882523,0.6694214876033058
298,0.45393723249435425,0.8753356744474282,0.7708900900032981,0.47882010489267574,0.6539923954372624,0.5088757396449705,0.9148936170212766,0.7705609076238448,0.5352121904648467,0.2575740908437929,0.45300113250283125,0.31201248049922,0.8264462809917356
299,0.48963502049446106,0.863199752117331,0.7557903202669879,0.4374386812864936,0.631578947368421,0.4883720930232558,0.8936170212765957,0.772155117609663,0.5354112763457705,0.25940079395128307,0.4540295119182747,0.3129890453834116,0.8264462809917356
300,0.49930134415626526,0.9053398058252428,0.7913060470150703,0.5471599568970624,0.6926070038910506,0.5460122699386503,0.9468085106382979,0.7534720524231013,0.49677584985352113,0.2475385056849679,0.44664466446644663,0.30434782608695654,0.8388429752066116
301,0.4795292019844055,0.9101425325346003,0.792730477646934,0.6658275132187238,0.7733333333333333,0.6641221374045801,0.925531914893617,0.7457821898381338,0.4908183795896068,0.25750227264470177,0.45627376425855515,0.3290676416819013,0.743801652892562
302,0.47088369727134705,0.9007436480066102,0.7814564039134133,0.6057784596797026,0.7373271889400922,0.6504065040650406,0.851063829787234,0.7547435082400117,0.5226034609235194,0.32348265040354784,0.4978165938864629,0.3842696629213483,0.7066115702479339
303,0.4727926552295685,0.894443296839496,0.7768146231267828,0.5494816939803131,0.7017543859649122,0.5970149253731343,0.851063829787234,0.7497334832999168,0.5221628089613111,0.31716881888711385,0.49361702127659574,0.3758099352051836,0.71900826446281
304,0.46549251675605774,0.893255525717827,0.776735738895721,0.5689882942312461,0.7112970711297071,0.5862068965517241,0.9042553191489362,0.7501442613330724,0.5206311679860132,0.3000365345908542,0.4826629680998613,0.36325678496868474,0.71900826446281
305,0.46605542302131653,0.9026544102458169,0.7879921767261769,0.6121297824206413,0.7364016736401674,0.6068965517241379,0.9361702127659575,0.7568878673773779,0.5269057496756369,0.3249045553490323,0.4985754985754986,0.3804347826086957,0.7231404958677686
306,0.4528942108154297,0.9073022102871308,0.7903366670896513,0.6180682925778104,0.7443946188340808,0.6434108527131783,0.8829787234042553,0.7645948457137268,0.5313640541052003,0.3662624324364964,0.526148969889065,0.4267352185089974,0.6859504132231405
307,0.44000956416130066,0.9052881636025615,0.7864567245660331,0.6223598821512023,0.7466666666666667,0.6412213740458015,0.8936170212765957,0.7647660032275416,0.5313532382026522,0.35223911716768075,0.5168195718654435,0.41019417475728154,0.6983471074380165
308,0.42919600009918213,0.9028093369138608,0.7812080322677841,0.6309631276371892,0.75,0.6304347826086957,0.925531914893617,0.7641449459631278,0.5355803557270011,0.32357711374245424,0.4972375690607735,0.37344398340248963,0.743801652892562
309,0.4299392104148865,0.8994009502168974,0.7834524761234254,0.6021429802384467,0.7319148936170212,0.6099290780141844,0.9148936170212766,0.7650740867524085,0.5401952203833221,0.31528559516546173,0.49132176234979974,0.3629191321499014,0.7603305785123967
310,0.42689013481140137,0.900898574674654,0.7839969622340722,0.6069117250509405,0.7350427350427351,0.6142857142857143,0.9148936170212766,0.7713188908993105,0.5436074112760563,0.31938940222055695,0.49340369393139843,0.3624031007751938,0.7727272727272727
311,0.4209541976451874,0.9052881636025614,0.7881606677717719,0.6223598821512023,0.7466666666666667,0.6412213740458015,0.8936170212765957,0.7779206807178835,0.5423717317946599,0.3576400304057774,0.5189340813464236,0.39278131634819535,0.7644628099173554
312,0.41751354932785034,0.9043069613716174,0.7890920190050419,0.6086945689114982,0.7387387387387387,0.640625,0.8723404255319149,0.7781162893051005,0.5384474786405278,0.35404045399670675,0.5170454545454546,0.3939393939393939,0.7520661157024794
313,0.4137588143348694,0.9071989258417683,0.7926853987243285,0.6165414254856597,0.7404255319148936,0.6170212765957447,0.925531914893617,0.7793095016871241,0.5372379543087691,0.34497662017403513,0.5093833780160858,0.376984126984127,0.7851239669421488
314,0.4171234667301178,0.8998140879983475,0.7855538215838511,0.612753563405139,0.7417840375586855,0.6638655462184874,0.8404255319148937,0.7796224754266714,0.5386898684521054,0.3654371110299437,0.5255255255255256,0.41273584905660377,0.7231404958677686
315,0.4046934247016907,0.9042036769262549,0.78779390035407,0.5984487591862055,0.7321428571428571,0.6307692307692307,0.8723404255319149,0.7753582082253412,0.533617563841322,0.3458338922833857,0.511049723756906,0.38381742738589214,0.7644628099173554
316,0.39833226799964905,0.9017248502375542,0.7813028473938478,0.6086945689114982,0.7387387387387387,0.640625,0.8723404255319149,0.7726734803657881,0.5305623326508981,0.34738165825229866,0.5127478753541076,0.3900862068965517,0.7479338842975206
317,0.38870948553085327,0.9022929146870481,0.7840538337900476,0.6403883470281001,0.7592592592592593,0.6721311475409836,0.8723404255319149,0.7709863563010417,0.529594536649106,0.35798206586473746,0.5206738131699847,0.41362530413625304,0.7024793388429752
318,0.39864906668663025,0.8943916546168147,0.775154489663743,0.5839588664885894,0.71900826446281,0.5878378378378378,0.925531914893617,0.7689373563499436,0.530050609981531,0.3201547965087774,0.4934725848563969,0.3606870229007634,0.78099173553719
319,0.4181663691997528,0.8803449700475109,0.7644157466851508,0.580044091495434,0.7171717171717171,0.6826923076923077,0.7553191489361702,0.7696684434446672,0.5287603601860945,0.3872125486265438,0.5405405405405406,0.4392764857881137,0.7024793388429752
320,0.40733569860458374,0.8775046478000413,0.7669423411298917,0.5651056834865819,0.7117117117117117,0.6171875,0.8404255319148937,0.7657978385251113,0.5282617634750266,0.3437092835110142,0.509641873278237,0.3822314049586777,0.7644628099173554
321,0.3937332034111023,0.8847862011980996,0.7714976312607276,0.5688880338488355,0.7136563876651982,0.6090225563909775,0.8617021276595744,0.7616069245439874,0.5226821962264222,0.3356704830311993,0.5048543689320388,0.37995824634655534,0.7520661157024794
322,0.3905271887779236,0.8959409212972527,0.7739717624857593,0.5672401197556245,0.7129629629629629,0.6311475409836066,0.8191489361702128,0.7640862633869628,0.5202861658860755,0.3539682608115343,0.5178571428571429,0.4046511627906977,0.71900826446281
323,0.39270374178886414,0.8949597190663087,0.7737942435653647,0.5494816939803131,0.7017543859649122,0.5970149253731343,0.851063829787234,0.7712602083231455,0.5322090783707709,0.3545582529744,0.5166666666666667,0.3891213389121339,0.768595041322314
324,0.39186006784439087,0.889743854575501,0.7663171801358918,0.5181115335321335,0.6820276497695853,0.6016260162601627,0.7872340425531915,0.7721844588977456,0.5328271148942301,0.3724683192229651,0.5303030303030303,0.41866028708133973,0.7231404958677686
325,0.39482852816581726,0.8845796323073745,0.7657237372028532,0.5420962336779779,0.6972477064220184,0.6129032258064516,0.8085106382978723,0.7739889481148222,0.5346294242130915,0.39411113455139174,0.5451713395638629,0.4375,0.7231404958677686
326,0.3772658109664917,0.8759037388969221,0.7592078240423776,0.5317341948552083,0.6909090909090909,0.6031746031746031,0.8085106382978723,0.7751528192087633,0.5338547615310546,0.36472099451946516,0.5251572327044025,0.42385786802030456,0.6900826446280992
327,0.38529321551322937,0.8703780210700268,0.7555658479073933,0.5499138303719998,0.7022222222222222,0.6030534351145038,0.8404255319148937,0.7746344564526383,0.534478306391088,0.3561684698908994,0.5186246418338109,0.3969298245614035,0.7479338842975206
328,0.38284772634506226,0.8714625077463335,0.7565808332282628,0.5654854309221797,0.7093596059113301,0.6605504587155964,0.7659574468085106,0.7749718812655876,0.535239848207901,0.3957285106064473,0.5463414634146342,0.450402144772118,0.6942148760330579
329,0.3785720467567444,0.871772361082421,0.7562651816400235,0.5432782493174099,0.6976744186046512,0.6198347107438017,0.7978723404255319,0.7763851533082302,0.5390304955185404,0.3815595420501072,0.5363636363636364,0.423444976076555,0.731404958677686
330,0.372313529253006,0.8783309233629415,0.7613613831889835,0.561944996605918,0.7096774193548387,0.6260162601626016,0.8191489361702128,0.7769964301432833,0.5327524586982995,0.38870468655410384,0.5412844036697247,0.42961165048543687,0.731404958677686
331,0.36683961749076843,0.8806548233835985,0.761321648237474,0.5687674181342307,0.7052631578947368,0.6979166666666666,0.7127659574468085,0.7750990268472784,0.5164020648195469,0.4037170988028889,0.5505226480836237,0.4759036144578313,0.6528925619834711
332,0.4248451888561249,0.834021896302417,0.7317884095031933,0.2932126266596316,0.5548387096774193,0.39814814814814814,0.9148936170212766,0.7613086214484815,0.5246037547020641,0.17933038519423475,0.40938967136150234,0.2648845686512758,0.9008264462809917
333,0.6785596013069153,0.8211113406321008,0.7336324272145697,0.2947239700972528,0.5578231292517006,0.41,0.8723404255319149,0.7505159176487848,0.5380507505443346,0.22823815470940156,0.4353312302839117,0.2919605077574048,0.8553719008264463
334,0.5438451766967773,0.8191489361702128,0.7341888196242682,0.30853338038924183,0.5650557620817844,0.4342857142857143,0.8085106382978723,0.7590591226954864,0.5142591415248737,0.2722535323241001,0.46464646464646464,0.33454545454545453,0.7603305785123967
335,0.5568637251853943,0.8085622805205536,0.6857541939386479,0.3002472800772553,0.5611510791366906,0.42391304347826086,0.8297872340425532,0.7629908552985476,0.45614563399302077,0.2652781734394533,0.45813953488372094,0.3187702265372168,0.8140495867768595
336,0.5135394930839539,0.8150692005783929,0.6855448372809808,0.3805508307732566,0.5909090909090909,0.4252336448598131,0.9680851063829787,0.7780380458702137,0.4787500501986658,0.2787009086071278,0.45908607863974493,0.3090128755364807,0.8925619834710744
337,0.5280568599700928,0.8481718653170833,0.7398014375377681,0.4091208956675565,0.6111111111111112,0.4536082474226804,0.9361702127659575,0.8010709570150129,0.5260953097381329,0.318529641999438,0.4875148632580262,0.34223706176961605,0.8471074380165289
338,0.4983050227165222,0.8554017764924602,0.7489303478511534,0.43161349973319857,0.6273062730627307,0.480225988700565,0.9042553191489362,0.7926793486234045,0.535778366088316,0.3388655113170531,0.5045751633986928,0.3690248565965583,0.7975206611570248
339,0.4776550531387329,0.8523548853542657,0.7279235311736414,0.44031347633717915,0.6352941176470588,0.5031055900621118,0.8617021276595744,0.7762433370824979,0.5401990005059859,0.32415114194728284,0.49666221628838453,0.3668639053254438,0.768595041322314
340,0.4633283317089081,0.8635096054534187,0.7344440432414489,0.5396958585318701,0.6956521739130435,0.5882352941176471,0.851063829787234,0.7749131986894224,0.5456395559414964,0.3632336274781107,0.5240963855421686,0.41232227488151657,0.71900826446281
341,0.4634704887866974,0.8670729188184261,0.7314144434469356,0.5254909131110874,0.6872246696035242,0.5864661654135338,0.8297872340425532,0.7682429458653235,0.5457597586922346,0.34825818097637673,0.5137085137085137,0.3946784922394678,0.7355371900826446
342,0.4556064307689667,0.885664118983681,0.7463182881013405,0.5984487591862055,0.7321428571428571,0.6307692307692307,0.8723404255319149,0.7627610152085678,0.5386636530523875,0.32657278008090107,0.499302649930265,0.37684210526315787,0.7396694214876033
343,0.4563894271850586,0.8894856434620946,0.7548159378678928,0.5686190300042107,0.711864406779661,0.5915492957746479,0.8936170212765957,0.7586679055210523,0.5266605389717954,0.3188159422388998,0.49389416553595655,0.36767676767676766,0.7520661157024794
344,0.46419960260391235,0.8870584589960753,0.7545153692550687,0.5689882942312461,0.7112970711297071,0.5862068965517241,0.9042553191489362,0.7605922049977994,0.5275584305909549,0.3058729719799295,0.485006518904824,0.35428571428571426,0.768595041322314
345,0.45721980929374695,0.8839599256351993,0.7552361394405769,0.5847858764023143,0.7239819004524887,0.6299212598425197,0.851063829787234,0.767118196488826,0.5362585370324849,0.3481587933324497,0.512396694214876,0.384297520661157,0.768595041322314
346,0.44290637969970703,0.8877298078909317,0.7577191745837696,0.6173043072698954,0.7433628318584071,0.6363636363636364,0.8936170212765957,0.7670057215511762,0.5360095721182522,0.34351183650360545,0.5096952908587258,0.38333333333333336,0.7603305785123967
347,0.42075783014297485,0.8839599256351993,0.7495868550411812,0.5695850840840458,0.7107438016528925,0.581081081081081,0.9148936170212766,0.7669176976869285,0.5326314382983248,0.3399740766827215,0.5067750677506775,0.37701612903225806,0.7727272727272727
348,0.42075279355049133,0.8851993389795497,0.7455205622094887,0.5526903986930302,0.6987951807228916,0.5612903225806452,0.925531914893617,0.7746002249498752,0.5327676976977558,0.3399740766827215,0.5067750677506775,0.37701612903225806,0.7727272727272727
349,0.4182334840297699,0.8832885767403429,0.7387306827691025,0.5371961610658077,0.6910569105691057,0.5592105263157895,0.9042553191489362,0.7839356447748057,0.5320185746518119,0.3531773817419605,0.5161290322580645,0.39065817409766457,0.7603305785123967
350,0.4172615110874176,0.8842697789712869,0.7392155533013469,0.556036654158256,0.7020408163265306,0.5695364238410596,0.9148936170212766,0.7862878380360898,0.5294213503513784,0.36739598690522873,0.5257142857142857,0.4017467248908297,0.7603305785123967
351,0.4109511375427246,0.89093162569717,0.7485561131539478,0.5439691383226899,0.6932270916334662,0.554140127388535,0.925531914893617,0.7812460267005721,0.5285873268634088,0.3572634878041644,0.5178082191780822,0.38729508196721313,0.78099173553719
352,0.4004625380039215,0.8928423879363768,0.755934797336183,0.5926971090982016,0.7257383966244726,0.6013986013986014,0.9148936170212766,0.7719399481637244,0.5161450785517678,0.36402320394328763,0.5236051502145923,0.40043763676148797,0.756198347107438
353,0.4463364779949188,0.8620119809956621,0.7178294600854598,0.43768079425808865,0.6332046332046332,0.49696969696969695,0.8723404255319149,0.7699985329355958,0.5434853473270768,0.30763819061743386,0.48484848484848486,0.3490909090909091,0.7933884297520661
354,0.5424895882606506,0.8316463540590787,0.726183640886319,0.49821499210049636,0.6666666666666666,0.6106194690265486,0.7340425531914894,0.7607315761161915,0.5564704958792335,0.36778112190936824,0.526829268292683,0.4343163538873995,0.6694214876033058
355,0.569514811038971,0.8451766164015699,0.709765322307405,0.4083794243365494,0.6165413533834586,0.47674418604651164,0.8723404255319149,0.7432441684189937,0.5207905619347928,0.21779675873463283,0.4327354260089686,0.2969230769230769,0.7975206611570248
356,0.5488055944442749,0.8577256765131172,0.7179202901591984,0.4432518758929907,0.6374501992031872,0.5095541401273885,0.851063829787234,0.7357865910313464,0.492328560809115,0.24389145003274532,0.44761904761904764,0.31438127090301005,0.7768595041322314
357,0.530354380607605,0.8634063210080563,0.7188356312905138,0.5411523754271789,0.6968325791855203,0.6062992125984252,0.8191489361702128,0.7399823952271505,0.4943478613733966,0.2822572719251793,0.4715447154471545,0.35080645161290325,0.71900826446281
358,0.574557900428772,0.8516318942367279,0.7185415681153994,0.4130482569220375,0.6201550387596899,0.4878048780487805,0.851063829787234,0.7455327888894323,0.5138082288496613,0.2279039194085465,0.4387397899649942,0.3056910569105691,0.7768595041322314
359,0.5161048173904419,0.8591716587481926,0.732728232390125,0.4127719839218743,0.6116838487972509,0.4517766497461929,0.9468085106382979,0.7477627267837058,0.5087508993523834,0.2475385056849679,0.44664466446644663,0.30434782608695654,0.8388429752066116
360,0.5201689004898071,0.8681057632720511,0.7401848988854953,0.42837302570428337,0.6219081272084805,0.4656084656084656,0.9361702127659575,0.7497383735145973,0.5008889541202334,0.23517522119310735,0.4426229508196721,0.3088235294117647,0.78099173553719
361,0.5076720714569092,0.8794154100392481,0.7592921213833879,0.49330931524851623,0.6615969581749049,0.514792899408284,0.925531914893617,0.7507213066653626,0.5050536444426786,0.2686334754234349,0.46321525885558584,0.34552845528455284,0.7024793388429752
362,0.5044273138046265,0.8818425945052675,0.7628548990640016,0.5022386585469018,0.6692913385826772,0.53125,0.9042553191489362,0.7545503447601349,0.5304744651746016,0.3064128611736305,0.48671328671328673,0.3678646934460888,0.71900826446281
363,0.48317214846611023,0.8689836810576328,0.7578462831159234,0.4869554182607429,0.6638297872340425,0.5531914893617021,0.8297872340425532,0.7577387647317716,0.5383128312234899,0.31256271476096587,0.4903581267217631,0.3677685950413223,0.7355371900826446
364,0.48441001772880554,0.8848378434207809,0.7674183456949172,0.5651056834865819,0.7117117117117117,0.6171875,0.8404255319148937,0.7595139126607658,0.5428786628137813,0.3437151935183811,0.5110132158590308,0.39635535307517084,0.71900826446281
365,0.46532559394836426,0.8958376368518901,0.7768973792662506,0.6023527762561814,0.7336244541484717,0.6222222222222222,0.8936170212765957,0.7627561249938871,0.5435197513239535,0.3585825236786644,0.5209580838323353,0.4084507042253521,0.71900826446281
366,0.4575962722301483,0.9024994835777731,0.7838506676624477,0.6024026109352254,0.7310924369747899,0.6041666666666666,0.925531914893617,0.7647660032275417,0.5435175556673391,0.31935253693139626,0.4945054945054945,0.37037037037037035,0.743801652892562
367,0.44548407196998596,0.9075087791778559,0.7893244777576092,0.6165414254856597,0.7404255319148936,0.6170212765957447,0.925531914893617,0.7699789720768743,0.5453404016541543,0.31777530562212836,0.4932249322493225,0.36693548387096775,0.7520661157024794
368,0.44554203748703003,0.9067341458376368,0.7893548558986346,0.6129507485041266,0.7410714285714286,0.6384615384615384,0.8829787234042553,0.7732994278448823,0.5474594746191311,0.36638233592727604,0.5260029717682021,0.41067285382830626,0.731404958677686
369,0.43652281165122986,0.9042036769262549,0.7750422241408851,0.6129507485041266,0.7410714285714286,0.6384615384615384,0.8829787234042553,0.7760917404274048,0.5497112616425979,0.36090340022394085,0.5225225225225225,0.41037735849056606,0.71900826446281
370,0.4330357611179352,0.9047200991530675,0.770720544393534,0.6456875083609427,0.759825327510917,0.6444444444444445,0.925531914893617,0.7773778668883564,0.5473869171541451,0.35643078524615635,0.5183098591549296,0.39316239316239315,0.7603305785123967
371,0.42638641595840454,0.9050815947118364,0.7863499504535912,0.6368490925070428,0.7555555555555555,0.648854961832061,0.9042553191489362,0.776394933737591,0.5385152674617417,0.3619861165499937,0.5218617771509168,0.3961456102783726,0.7644628099173554
372,0.41972240805625916,0.9031191902499482,0.7847558994694546,0.6368490925070428,0.7555555555555555,0.648854961832061,0.9042553191489362,0.7768497237028705,0.5288159203405078,0.3628454602079366,0.5233918128654971,0.40497737556561086,0.7396694214876033
373,0.4148595333099365,0.8976451146457344,0.7812282590839122,0.6274527378220476,0.75,0.6461538461538462,0.8936170212765957,0.7725512249987775,0.5207982763242618,0.3561684698908994,0.5186246418338109,0.3969298245614035,0.7479338842975206
374,0.40374574065208435,0.8971803346416031,0.780890881096947,0.6223598821512023,0.7466666666666667,0.6412213740458015,0.8936170212765957,0.7677637048266418,0.507624810558153,0.35168724844554483,0.5157593123209169,0.39473684210526316,0.743801652892562
375,0.406493216753006,0.8953728568477588,0.7787727353619479,0.6190946868905657,0.7454545454545455,0.6507936507936508,0.8723404255319149,0.7635434495574356,0.4965221868601117,0.36660298350542747,0.5263157894736842,0.41371158392434987,0.7231404958677686
376,0.406546950340271,0.8967155546374715,0.7853544605590541,0.5689882942312461,0.7112970711297071,0.5862068965517241,0.9042553191489362,0.7667318695290724,0.4969109443580552,0.3245804118684142,0.4960835509138381,0.36259541984732824,0.7851239669421488
377,0.4089876413345337,0.8931522412724643,0.7771302384126391,0.5978194476740009,0.7312775330396476,0.6240601503759399,0.8829787234042553,0.7703555186072669,0.5059244791694008,0.3572357634347073,0.5198237885462555,0.4031890660592255,0.731404958677686
378,0.3974379897117615,0.8904668456930387,0.7810116848571473,0.5544223269362527,0.7048458149779736,0.6015037593984962,0.851063829787234,0.773871582962492,0.5136553369080551,0.3462627403478229,0.5109289617486339,0.3816326530612245,0.7727272727272727
379,0.3892444372177124,0.8906734145837637,0.7795797651362255,0.5651056834865819,0.7117117117117117,0.6171875,0.8404255319148937,0.7726783705804685,0.5114916628406122,0.35404045399670675,0.5170454545454546,0.3939393939393939,0.7520661157024794
380,0.3820992708206177,0.892894030159058,0.7808932127767779,0.5672401197556245,0.7129629629629629,0.6311475409836066,0.8191489361702128,0.7684189935938188,0.5037210989805785,0.3778689732427208,0.5337331334332833,0.4188235294117647,0.7355371900826446
381,0.3877773582935333,0.8910349101425326,0.7796276575501907,0.5499138303719998,0.7022222222222222,0.6030534351145038,0.8404255319148937,0.7632793779646927,0.499995759703882,0.3115610883926581,0.489247311827957,0.36254980079681276,0.7520661157024794
382,0.3822314441204071,0.889175790126007,0.7766552995325297,0.5499138303719998,0.7022222222222222,0.6030534351145038,0.8404255319148937,0.764585065284366,0.5063367123301515,0.3287151150369083,0.5006993006993007,0.3784355179704017,0.7396694214876033
383,0.3814631700515747,0.8784858500309853,0.7671048646325329,0.5818697652101196,0.7222222222222222,0.639344262295082,0.8297872340425532,0.7708249792165877,0.5232090179243788,0.36648157246911683,0.5261584454409567,0.41217798594847777,0.7272727272727273
384,0.3795029819011688,0.8819975211733113,0.7702380257667736,0.6057784596797026,0.7373271889400922,0.6504065040650406,0.851063829787234,0.7730598073255417,0.5192177856145792,0.3824007660614113,0.5367316341829086,0.4211764705882353,0.7396694214876033
385,0.37253162264823914,0.882152447841355,0.7716592302800066,0.5738729535689178,0.7168141592920354,0.6136363636363636,0.8617021276595744,0.7712504278937846,0.5119568219969212,0.35076131529943105,0.5148514851485149,0.3913978494623656,0.7520661157024794
386,0.3709489405155182,0.8798285478206982,0.7675244484385069,0.5660494301629397,0.7123287671232876,0.624,0.8297872340425532,0.7712846593965477,0.5065602578575977,0.36764231037970124,0.5269461077844312,0.4131455399061033,0.7272727272727273
387,0.3672603666782379,0.8701198099566204,0.7633709836414424,0.5544223269362527,0.7048458149779736,0.6015037593984962,0.851063829787234,0.7770551127194485,0.5209797508564504,0.37102797639722807,0.5273492286115007,0.3991507430997877,0.7768595041322314
388,0.3765287399291992,0.8697583143978517,0.7606501699837901,0.5847858764023143,0.7239819004524887,0.6299212598425197,0.851063829787234,0.7767470291945818,0.5198578723991214,0.3720581782756091,0.5297619047619048,0.413953488372093,0.7355371900826446
389,0.36825865507125854,0.8867486056599877,0.7707664950730182,0.57795372075931,0.719626168224299,0.6416666666666667,0.8191489361702128,0.7711917453176195,0.5069685993489451,0.3667468141273443,0.5264750378214826,0.4152744630071599,0.71900826446281
390,0.3622380495071411,0.8872650278868003,0.7680621031755376,0.579635311961554,0.7207207207207207,0.625,0.851063829787234,0.7695877549024402,0.5084899866985666,0.3324798251588268,0.5027624309392266,0.3775933609958506,0.7520661157024794
391,0.3670995831489563,0.8795703367072919,0.7627602734194818,0.6072914730821175,0.7383177570093458,0.6583333333333333,0.8404255319148937,0.7789867475182161,0.5199582724607948,0.3641670444398559,0.5245901639344263,0.41025641025641024,0.7272727272727273
392,0.35669171810150146,0.8769365833505474,0.7599296533139526,0.5667437625265388,0.7115384615384616,0.6491228070175439,0.7872340425531915,0.782038241478801,0.5207329128030594,0.37958829420749807,0.5351681957186545,0.42475728155339804,0.7231404958677686
393,0.3587320148944855,0.8815843833918613,0.7600191787427629,0.5544223269362527,0.7048458149779736,0.6015037593984962,0.851063829787234,0.77753435375813,0.5139268154598448,0.3394987132036144,0.5052631578947369,0.37065637065637064,0.7933884297520661
394,0.36881396174430847,0.8794154100392482,0.7602057313386692,0.5632848445979061,0.7102803738317757,0.6333333333333333,0.8085106382978723,0.7711672942442173,0.5033322830426998,0.36417898973124796,0.5248447204968945,0.42039800995024873,0.6983471074380165
395,0.3618040084838867,0.8667630654823383,0.753334427179808,0.5754144408728871,0.7181818181818181,0.626984126984127,0.8404255319148937,0.7745806640911536,0.5110117824962637,0.3651611469726919,0.5250737463126843,0.40825688073394495,0.7355371900826446
396,0.3547721803188324,0.8636128898987813,0.7522640428071274,0.5686846640072946,0.7136150234741784,0.6386554621848739,0.8085106382978723,0.7768741747762727,0.5200482229952447,0.38134644390529804,0.5365079365079365,0.43556701030927836,0.6983471074380165
397,0.3549250662326813,0.8804998967155546,0.7561509064091203,0.509905347766024,0.6718146718146718,0.5272727272727272,0.925531914893617,0.7602181035747468,0.5120225016888096,0.2732997114547846,0.465,0.3333333333333333,0.768595041322314
398,0.43851348757743835,0.8640260276802314,0.7524687378857354,0.5854299310738353,0.7045454545454546,0.7560975609756098,0.6595744680851063,0.7844246662428481,0.5232992647108807,0.4169352912492167,0.5494949494949495,0.5375494071146245,0.5619834710743802
399,0.834190845489502,0.8122805205536047,0.696977413641751,0.28281349771314307,0.5406976744186046,0.372,0.9893617021276596,0.7415032519927626,0.5182723965689697,0.10378674217158726,0.3802469135802469,0.23741007194244604,0.9545454545454546
400,1.0689373016357422,0.8246230117744269,0.6857118335874894,0.28936091400381314,0.5487804878048781,0.38461538461538464,0.9574468085106383,0.7039757445351852,0.4485767145492933,0.16330146948789093,0.40180995475113124,0.2572421784472769,0.9173553719008265
401,0.8170655369758606,0.815275769469118,0.6724800872891213,0.3328760329313954,0.5714285714285714,0.411214953271028,0.9361702127659575,0.7117658565211012,0.4338598648401434,0.20563113152138984,0.4243048403707518,0.2825788751714678,0.8512396694214877
402,0.7834487557411194,0.8441954141706258,0.7302756467421629,0.29547079288906125,0.5527950310559007,0.39035087719298245,0.9468085106382979,0.7306860971196636,0.4538097525354026,0.1599231426514071,0.3989455184534271,0.2533482142857143,0.9380165289256198
403,0.7717556357383728,0.8446601941747572,0.7351430832687668,0.3785725767412258,0.5945945945945946,0.43564356435643564,0.9361702127659575,0.7398943713629029,0.4656418131281943,0.1885868604278781,0.41543026706231456,0.27308192457737324,0.8677685950413223
404,0.7359828948974609,0.8534393720305722,0.7307618359289881,0.3386116506688099,0.5714285714285714,0.4072398190045249,0.9574468085106383,0.7459435669225879,0.46497385510813793,0.19402365125008839,0.417910447761194,0.27522935779816515,0.8677685950413223
405,0.7025476694107056,0.8626316876678373,0.7356102289069574,0.3328281691938706,0.5669781931464174,0.4008810572687225,0.9680851063829787,0.7482175167489853,0.4693116026077574,0.19402365125008839,0.417910447761194,0.27522935779816515,0.8677685950413223
406,0.7075358033180237,0.8456672175170419,0.7265964720311618,0.3927944900599025,0.6064981949458483,0.45901639344262296,0.8936170212765957,0.7571959509022447,0.48107968971498805,0.27731766297112603,0.4681404421326398,0.3415559772296015,0.743801652892562
407,0.7392619848251343,0.861392274323487,0.7418907098621299,0.3549276633897612,0.5777777777777777,0.4117647058823529,0.9680851063829787,0.7477284952809429,0.48454892165999464,0.18291152234799832,0.41245136186770426,0.2697201017811705,0.8760330578512396
408,0.7614743113517761,0.8371204296632927,0.7180230015145163,0.33709880182913277,0.5773195876288659,0.4263959390862944,0.8936170212765957,0.7479094332241185,0.484306344864204,0.24512519366056562,0.44844124700239807,0.3158783783783784,0.7727272727272727
409,0.717803955078125,0.8171348894856434,0.6912709313360214,0.2975641217155033,0.5581395348837209,0.43902439024390244,0.7659574468085106,0.7397623355665314,0.47852721196033016,0.28359068866685977,0.47214854111405835,0.34765625,0.7355371900826446
410,0.6935842633247375,0.8355711629828547,0.707632142293214,0.34859405982060365,0.5848375451263538,0.4426229508196721,0.8617021276595744,0.7371900826446283,0.48015828656717924,0.24068471227553045,0.4460431654676259,0.3141891891891892,0.768595041322314
411,0.6869293451309204,0.8601528609791365,0.7285659252884663,0.32138791413474516,0.5659163987138264,0.4055299539170507,0.9361702127659575,0.7289598513374738,0.47839492399788563,0.2041145050251007,0.42436974789915966,0.28450704225352114,0.8347107438016529
412,0.6451446413993835,0.8588618054121051,0.7397210390911575,0.30702486946098395,0.5579937304075235,0.39555555555555555,0.9468085106382979,0.729228813144897,0.4841268151575353,0.1887787880250193,0.41683778234086244,0.2773224043715847,0.8388429752066116
413,0.6443429589271545,0.8566411898368106,0.7451041121209779,0.3673680746662294,0.5910652920962199,0.4365482233502538,0.9148936170212766,0.7343928798474253,0.4930049016460273,0.21779675873463283,0.4327354260089686,0.2969230769230769,0.7975206611570248
414,0.6387985944747925,0.855763272051229,0.7556758482074157,0.3673680746662294,0.5910652920962199,0.4365482233502538,0.9148936170212766,0.7370335957748545,0.49450721637326345,0.22795213646466198,0.43813847900113506,0.30203442879499215,0.7975206611570248
415,0.6107164025306702,0.8638194587895064,0.7633669140923333,0.42226144355276846,0.6209386281588448,0.46994535519125685,0.9148936170212766,0.7415374834955255,0.4949786144402788,0.25885199097163275,0.4555160142348754,0.3194675540765391,0.7933884297520661
416,0.6022882461547852,0.8783825655856229,0.7738061666432748,0.46649793823643787,0.6466165413533834,0.5,0.9148936170212766,0.7435082400117363,0.49657176483317594,0.26863251840642915,0.4619164619164619,0.32867132867132864,0.7768595041322314
417,0.6050979495048523,0.8755422433381532,0.7695300755930079,0.42085715386502026,0.6127946127946128,0.4482758620689655,0.9680851063829787,0.7451269010709571,0.5005988654966834,0.25033595065056025,0.4492099322799097,0.3090062111801242,0.8223140495867769
418,0.596869170665741,0.8768332989051848,0.7687907635966852,0.4330565291284659,0.6258992805755396,0.47282608695652173,0.925531914893617,0.7497041420118343,0.5079964028968875,0.2892264437027384,0.47348951911220716,0.3374340949033392,0.7933884297520661
419,0.5682333111763,0.8746643255525717,0.7654707121776495,0.4275757711500443,0.625,0.47752808988764045,0.9042553191489362,0.7508093305296102,0.5137198443326612,0.2781922314896735,0.46846846846846846,0.3401869158878505,0.7520661157024794
420,0.5747838020324707,0.8754906011154721,0.7687278297394636,0.4098326791985127,0.6066666666666667,0.441747572815534,0.9680851063829787,0.7508826837498166,0.5098442735193037,0.24758201087188644,0.44638949671772427,0.30357142857142855,0.8429752066115702
421,0.5708093643188477,0.8781243544722165,0.7689036892141667,0.4054936656489694,0.6060606060606061,0.4433497536945813,0.9574468085106383,0.7521590297814075,0.5060461733848546,0.247521494868951,0.4471635150166852,0.3059360730593607,0.8305785123966942
422,0.5576791763305664,0.8731667010948151,0.7640659521798749,0.4355941147476998,0.624561403508772,0.46596858638743455,0.9468085106382979,0.7538070321287105,0.5063579282589951,0.266810229094896,0.4597156398104265,0.3222591362126246,0.8016528925619835
423,0.5550962686538696,0.8726502788680025,0.763448334634113,0.4279610080503988,0.6202090592334495,0.46113989637305697,0.9468085106382979,0.7540613232920925,0.5048963600938824,0.2432699899379021,0.4459613196814562,0.3076923076923077,0.8099173553719008
424,0.5348439812660217,0.8725469944226399,0.7636519348587267,0.41656064745020926,0.6137931034482759,0.45408163265306123,0.9468085106382979,0.754643258839063,0.5081860664445371,0.23667152666849034,0.4410480349344978,0.2997032640949555,0.8347107438016529
425,0.5389958620071411,0.8675376988225574,0.7573636011023808,0.42035475628460484,0.615916955017301,0.4564102564102564,0.9468085106382979,0.7566433566433566,0.5142544781867942,0.25296958308421474,0.4501679731243001,0.3087557603686636,0.8305785123966942
426,0.5336154699325562,0.8640260276802314,0.7528331845625815,0.421292732951025,0.6192170818505338,0.46524064171123,0.925531914893617,0.7572741943371314,0.5181044038471317,0.25604114657842125,0.4528735632183908,0.31369426751592355,0.8140495867768595
427,0.530011773109436,0.8728052055360462,0.7621274277896687,0.43166071925241595,0.6206896551724138,0.45918367346938777,0.9574468085106383,0.7526236001760478,0.5182228648561767,0.23754642616843094,0.4419889502762431,0.30165912518853694,0.8264462809917356
428,0.5184743404388428,0.8801384011567858,0.7692859599019422,0.4393287191460214,0.6232876712328768,0.4595959595959596,0.9680851063829787,0.7496699105090713,0.513342665820486,0.23210247052082772,0.4392935982339956,0.2996987951807229,0.8223140495867769
429,0.5162582397460938,0.8826688700681679,0.7698894609652038,0.4429631466826866,0.627177700348432,0.46632124352331605,0.9574468085106383,0.748295760183872,0.5049033854402047,0.23569209728259663,0.4426419466975666,0.3075684380032206,0.7892561983471075
430,0.5123162269592285,0.8871617434414377,0.7725233951413223,0.4429631466826866,0.627177700348432,0.46632124352331605,0.9574468085106383,0.7452051445058437,0.4973364883449834,0.2452575571357332,0.4481132075471698,0.31353135313531355,0.7851239669421488
431,0.5055683255195618,0.8920161123734767,0.7767757248927757,0.44674535374757357,0.6293706293706294,0.46875,0.9574468085106383,0.7456159225389996,0.49433289398583913,0.22809031277546904,0.4383561643835616,0.3028391167192429,0.7933884297520661
432,0.5007689595222473,0.8880913034497006,0.7742580001812805,0.4734684735586213,0.6451612903225806,0.4864864864864865,0.9574468085106383,0.7487945620812753,0.5072143820611671,0.24268531093785814,0.44680851063829785,0.3129139072847682,0.78099173553719
433,0.495077908039093,0.8800867589341045,0.7698181823009825,0.44886761053895646,0.635036496350365,0.48333333333333334,0.925531914893617,0.755010024940095,0.530263919372064,0.27174863375917147,0.4634146341463415,0.328719723183391,0.7851239669421488
434,0.49097946286201477,0.8788989878124355,0.7685612087305006,0.4409426051013894,0.6304347826086957,0.47802197802197804,0.925531914893617,0.757846349454741,0.5370166721831935,0.27998526282412145,0.4674698795180723,0.3299319727891156,0.8016528925619835
435,0.488181471824646,0.8808613922743236,0.7687805892145375,0.4528458101896152,0.6373626373626373,0.4860335195530726,0.925531914893617,0.7609369651327693,0.5389472162537463,0.28552277918410024,0.4722222222222222,0.34,0.7727272727272727
436,0.4746197462081909,0.8869551745507126,0.774213324447523,0.4674946934176597,0.6446886446886447,0.49162011173184356,0.9361702127659575,0.76059954031982,0.5289209955251061,0.31271610698951713,0.4889466840052016,0.3567362428842505,0.7768595041322314
437,0.48249903321266174,0.889175790126007,0.7764877168183838,0.4543342901129384,0.6338028169014085,0.47368421052631576,0.9574468085106383,0.7579637146070711,0.5258120751220196,0.2632997181093483,0.4578884934756821,0.3211314475873544,0.7975206611570248
438,0.48174649477005005,0.8759037388969221,0.7631759489643857,0.4583513815455082,0.6417910447761194,0.4942528735632184,0.9148936170212766,0.7647660032275417,0.5422357793616054,0.3190323923926367,0.493368700265252,0.36328125,0.768595041322314
439,0.4792819023132324,0.8762652344556909,0.7630680622028176,0.46256969558429045,0.6402877697841727,0.483695652173913,0.9468085106382979,0.7672013301383932,0.5473253896604239,0.28820784137032107,0.4721549636803874,0.3339041095890411,0.8057851239669421
440,0.4744837284088135,0.8766783722371411,0.7628201630840079,0.47427928840835676,0.6472727272727272,0.49171270718232046,0.9468085106382979,0.7705364565504426,0.548315640374492,0.305391969396267,0.48267326732673266,0.34452296819787986,0.8057851239669421
441,0.46742352843284607,0.8733216277628589,0.7561749665641057,0.495460437064437,0.6640926640926641,0.5212121212121212,0.9148936170212766,0.7713042202552691,0.5471711108760996,0.3259023772643013,0.4979811574697174,0.36926147704590817,0.7644628099173554
442,0.46634963154792786,0.8760586655649659,0.7528236124785384,0.4449000221431272,0.6327272727272727,0.48066298342541436,0.925531914893617,0.7609956477089344,0.5333652474845396,0.2856022515405686,0.47191011235955055,0.33810375670840787,0.78099173553719
443,0.4528178572654724,0.8758004544515595,0.7499668026839527,0.4449000221431272,0.6327272727272727,0.48066298342541436,0.925531914893617,0.7552398650300749,0.5282738732511648,0.29092466708258474,0.47534766118836913,0.3424408014571949,0.7768595041322314
444,0.457279235124588,0.8737864077669902,0.7550163043635273,0.44379129953961527,0.6343283582089553,0.4885057471264368,0.9042553191489362,0.7552154139566727,0.531133073703318,0.3040385763056176,0.48460508701472554,0.3584158415841584,0.7479338842975206
445,0.45644330978393555,0.8762135922330098,0.7530308468053002,0.45172839704563433,0.6353790613718412,0.4808743169398907,0.9361702127659575,0.757303535625214,0.5377358868426093,0.28187761997841326,0.46859903381642515,0.3310580204778157,0.8016528925619835
446,0.4660820960998535,0.8687254699442265,0.751249851228663,0.47342955767423045,0.6535433070866141,0.51875,0.8829787234042553,0.7650300748202845,0.5466594308864177,0.32599598842144534,0.4992867332382311,0.3812636165577342,0.7231404958677686
447,0.4689684212207794,0.8696550299524892,0.7416331982950823,0.47696264732597976,0.651685393258427,0.5028901734104047,0.925531914893617,0.7630201965866302,0.5445589005795998,0.318369662950045,0.4932975871313673,0.36507936507936506,0.7603305785123967
448,0.4448295831680298,0.8760070233422846,0.7480887739496063,0.4528458101896152,0.6373626373626373,0.4860335195530726,0.925531914893617,0.7626925522030418,0.5373012899798756,0.3101075914974774,0.48614609571788414,0.3496376811594203,0.7975206611570248
449,0.45215174555778503,0.8711526544102458,0.7435906001354433,0.44622465409112677,0.6346863468634686,0.4858757062146893,0.9148936170212766,0.7644212430925718,0.539274301772671,0.32841063530874137,0.4980544747081712,0.3629489603024575,0.7933884297520661
450,0.449387788772583,0.8724437099772774,0.7410590611191482,0.43972080197206903,0.6319702602230484,0.4857142857142857,0.9042553191489362,0.7675240843073011,0.5467963921102494,0.3282462788922088,0.49868073878627966,0.36627906976744184,0.78099173553719
451,0.4383929669857025,0.8731667010948152,0.7471763317906146,0.5051666594089093,0.672,0.5384615384615384,0.8936170212765957,0.7677490341826005,0.5477344499990557,0.34779046235263483,0.5125348189415042,0.3865546218487395,0.7603305785123967
452,0.4321760833263397,0.8736831233216277,0.7429590394634807,0.5228223786612641,0.6829268292682927,0.5526315789473685,0.8936170212765957,0.7632500366766101,0.5399137214674044,0.3465569181275306,0.5118881118881119,0.386892177589852,0.756198347107438
453,0.4332614839076996,0.8728052055360463,0.7378837109540766,0.49795870561981226,0.6666666666666666,0.5279503105590062,0.9042553191489362,0.7616167049733483,0.5311552207440342,0.3255070876920702,0.4973404255319149,0.36666666666666664,0.7727272727272727
454,0.4308503270149231,0.8705845899607518,0.7347337932368654,0.49646217705733814,0.6666666666666666,0.5316455696202531,0.8936170212765957,0.7643552251943859,0.5339639271371001,0.33241258697896336,0.5020242914979757,0.3727454909819639,0.768595041322314
455,0.4335610866546631,0.8654203676926254,0.7298296975712777,0.4583513815455082,0.6417910447761194,0.4942528735632184,0.9148936170212766,0.7692650007335322,0.5442091684798873,0.3204394940892402,0.49293966623876767,0.3575418994413408,0.7933884297520661
456,0.4306401312351227,0.864129312125594,0.7352022826011687,0.44462045680155926,0.6377952755905512,0.50625,0.8617021276595744,0.7715144994865275,0.5451389721828198,0.3498993119341459,0.5128900949796472,0.38181818181818183,0.78099173553719
457,0.4221855700016022,0.8685189010535014,0.7477968488107862,0.46087468413945376,0.6477732793522267,0.5228758169934641,0.851063829787234,0.7690987334343977,0.5392287863229247,0.3431734088850012,0.5098039215686274,0.3855932203389831,0.7520661157024794
458,0.4271075129508972,0.8769882255732288,0.7508397680816534,0.4974337710551971,0.6641221374045801,0.5178571428571429,0.925531914893617,0.7683505305882927,0.5317567181563908,0.3067566633323271,0.4837905236907731,0.3464285714285714,0.8016528925619835
459,0.4327090382575989,0.8748192522206156,0.749313023516021,0.5209357490441655,0.6798418972332015,0.5408805031446541,0.9148936170212766,0.774756711819649,0.5426174215245971,0.31976352851615436,0.49343832020997375,0.36153846153846153,0.7768595041322314
460,0.4232347011566162,0.8731150588721339,0.7486169778006043,0.4964214995056087,0.6695278969957081,0.5611510791366906,0.8297872340425532,0.7753141962932174,0.548378984751751,0.3549343540331211,0.5164835164835165,0.3868312757201646,0.7768595041322314
461,0.4222545325756073,0.8652654410245816,0.7406342045489434,0.494074813852177,0.6666666666666666,0.5394736842105263,0.8723404255319149,0.7732700865567999,0.5525181588359757,0.2963436145519464,0.4788732394366197,0.3469387755102041,0.7727272727272727
462,0.42738279700279236,0.8634063210080561,0.7434459583690534,0.5063680270156022,0.6751054852320675,0.5594405594405595,0.851063829787234,0.7748545161132574,0.5534013119353376,0.3445789701412856,0.5104022191400832,0.38413361169102295,0.7603305785123967
463,0.41912129521369934,0.8676409832679198,0.7428533080583093,0.496654083581133,0.6694915254237288,0.5563380281690141,0.8404255319148937,0.7747567118196489,0.5486192348044117,0.3640864612918087,0.5234708392603129,0.39913232104121477,0.7603305785123967
464,0.40984734892845154,0.8745093988845279,0.7466301082390707,0.511910888955523,0.6717557251908397,0.5238095238095238,0.9361702127659575,0.7724778717785712,0.543783804904975,0.32138617111359896,0.49301143583227447,0.3559633027522936,0.8016528925619835
465,0.41268354654312134,0.8794670522619293,0.7533392447267281,0.5396411449111848,0.6904761904761905,0.5506329113924051,0.925531914893617,0.7644725903467162,0.5317673102901473,0.31597690146598606,0.4914134742404227,0.3611650485436893,0.768595041322314
466,0.4105686545372009,0.8768332989051849,0.7494126518344919,0.5461551777718325,0.6967213114754098,0.5666666666666667,0.9042553191489362,0.7630886595921561,0.5341095597436338,0.32194654868855505,0.49591280653950953,0.3699186991869919,0.7520661157024794
467,0.40572336316108704,0.8715657921916959,0.7418547638162043,0.5371961610658077,0.6910569105691057,0.5592105263157895,0.9042553191489362,0.7644187979852316,0.5340322273453515,0.33553432247060283,0.5040650406504065,0.375,0.768595041322314
468,0.402050256729126,0.8671762032637884,0.7339170622588334,0.5239294065667667,0.6827309236947792,0.5483870967741935,0.9042553191489362,0.7642769817594992,0.5318732121361494,0.31673609842705036,0.4925575101488498,0.36619718309859156,0.7520661157024794
469,0.40283799171447754,0.8640776699029127,0.7261965435710165,0.5123700129404706,0.6745098039215687,0.5341614906832298,0.9148936170212766,0.7669568194043719,0.53533267625909,0.3091553800679446,0.4864864864864865,0.3532710280373832,0.78099173553719
470,0.39739346504211426,0.8628898987812436,0.7266003040156815,0.5120899544658716,0.6776859504132231,0.5540540540540541,0.8723404255319149,0.772316494694117,0.5441844537308541,0.34086873556815867,0.5084269662921348,0.3851063829787234,0.7479338842975206
471,0.4044857323169708,0.861598843214212,0.724682780013797,0.4807879183773714,0.6586345381526104,0.5290322580645161,0.8723404255319149,0.7694410484620275,0.5353556457033927,0.3109097164142373,0.4881889763779528,0.3576923076923077,0.768595041322314
472,0.40792128443717957,0.8641293121255939,0.729061847051395,0.5300320971650611,0.6896551724137931,0.5797101449275363,0.851063829787234,0.7684336642378601,0.5283830983578611,0.33923768618159816,0.5079825834542816,0.39149888143176736,0.7231404958677686
473,0.3977636694908142,0.8705329477380707,0.7341596933516122,0.5499917997074876,0.7,0.5753424657534246,0.8936170212765957,0.7643258839063035,0.5164360850843894,0.33656187029042567,0.505586592178771,0.3818565400843882,0.7479338842975206
474,0.4021513760089874,0.8638194587895064,0.7381192850534574,0.47291146355140107,0.6492537313432836,0.5,0.925531914893617,0.7731771724778718,0.5276557020872897,0.2988815352110732,0.47686832740213525,0.33444259567387685,0.8305785123966942
475,0.4225150942802429,0.8576740342904358,0.7355257344695721,0.4833423896567845,0.6611570247933884,0.5405405405405406,0.851063829787234,0.7782092033840285,0.5395788132501373,0.3245804118684142,0.4960835509138381,0.36259541984732824,0.7851239669421488
476,0.3996473550796509,0.8573641809543482,0.7408628240731804,0.5986505592017469,0.7317073170731707,0.6756756756756757,0.7978723404255319,0.7756809623942491,0.5394549079906684,0.36079700659583414,0.5223880597014925,0.4088785046728972,0.7231404958677686
477,0.4333980679512024,0.8687771121669078,0.7341169050885307,0.47820536286176407,0.6496350364963503,0.49444444444444446,0.9468085106382979,0.76532348770111,0.5236901551472903,0.28202579761958557,0.4679334916864608,0.3283333333333333,0.8140495867768595
478,0.43729549646377563,0.8742511877711218,0.7363506730262448,0.5020316275631869,0.664179104477612,0.5114942528735632,0.9468085106382979,0.7612303780135947,0.5165253361170503,0.29676720984273797,0.4773561811505508,0.3391304347826087,0.8057851239669421
479,0.43367648124694824,0.8656785788060317,0.7314890894706197,0.5549427912324426,0.7053571428571429,0.6076923076923076,0.8404255319148937,0.7637830700767764,0.5263091310529965,0.33585795338740887,0.5058139534883721,0.3901345291479821,0.71900826446281
480,0.42915961146354675,0.8819975211733113,0.7558988191187663,0.5589476444968078,0.7063829787234043,0.5886524822695035,0.8829787234042553,0.7793339527605261,0.5376889124973944,0.3449425155955176,0.5085638998682477,0.3733075435203095,0.7975206611570248
481,0.430676132440567,0.8759553811196034,0.7412266903807692,0.5183762043065722,0.680161943319838,0.5490196078431373,0.8936170212765957,0.7899163773289647,0.5484829558311332,0.3254233422100104,0.4943820224719101,0.3542039355992844,0.8181818181818182
482,0.4604393541812897,0.8724953521999587,0.7351511841671657,0.5008045972813903,0.6693227091633466,0.535031847133758,0.8936170212765957,0.7941121815247689,0.5568678641113554,0.31078083524773953,0.4857496902106567,0.34690265486725663,0.8099173553719008
483,0.4400927722454071,0.8711526544102457,0.7306544717772337,0.5492758857161405,0.7012987012987013,0.5912408759124088,0.8617021276595744,0.7880287544623209,0.5540059691051906,0.3308347246937378,0.49935316946959896,0.3634651600753296,0.7975206611570248
484,0.4411552846431732,0.8514769675686842,0.7099421669510252,0.4879003986179994,0.6639004149377593,0.54421768707483,0.851063829787234,0.7777690840627903,0.5433099447693615,0.3104063056776084,0.4852216748768473,0.3456140350877193,0.8140495867768595
485,0.45491501688957214,0.8594298698615987,0.716821261279801,0.48641641693429033,0.6613545816733067,0.5286624203821656,0.8829787234042553,0.7682625067240452,0.5372393925725886,0.2901046136205083,0.4733009708737864,0.33505154639175255,0.8057851239669421
486,0.42573991417884827,0.8666081388142945,0.7288708639267174,0.5139519048503919,0.6774193548387096,0.5454545454545454,0.8936170212765957,0.7503251992762483,0.5047187536513631,0.2810988422429075,0.46998722860791825,0.34011090573012936,0.7603305785123967
487,0.43822991847991943,0.8735798388762652,0.7426433736821477,0.5252481556265692,0.6825396825396826,0.5443037974683544,0.9148936170212766,0.7526529414641303,0.5080115862388108,0.27481375626464155,0.4657534246575342,0.3333333333333333,0.7727272727272727
488,0.4148784279823303,0.8774530055773601,0.739374395537949,0.5650436239137059,0.7078189300411523,0.5771812080536913,0.9148936170212766,0.7552007433126314,0.5117091713117399,0.2865016746475688,0.47281921618204803,0.3406193078324226,0.7727272727272727
489,0.41750019788742065,0.8785891344763479,0.7421199775425953,0.611873443035954,0.7391304347826086,0.625,0.9042553191489362,0.7592889627854663,0.5111902029824258,0.30539578970645265,0.48533333333333334,0.35826771653543305,0.7520661157024794
490,0.4203546643257141,0.8721854988638711,0.7310630290090412,0.5925562479245564,0.7272727272727273,0.6131386861313869,0.8936170212765957,0.7652941464130276,0.5024954843740258,0.32640148975905925,0.4992987377279102,0.37791932059447986,0.7355371900826446
491,0.40241241455078125,0.8715657921916959,0.7410341543739625,0.5685668923335037,0.7130434782608696,0.6029411764705882,0.8723404255319149,0.7709203384028559,0.5121285767607252,0.34182204985512643,0.5091937765205092,0.3870967741935484,0.743801652892562
492,0.39892375469207764,0.8721854988638711,0.7461529588057,0.535614182078327,0.6916666666666667,0.5684931506849316,0.8829787234042553,0.7754217810161866,0.5297611294663147,0.34497662017403513,0.5093833780160858,0.376984126984127,0.7851239669421488
493,0.39799726009368896,0.8720305721958272,0.7520408079082173,0.5272910060025646,0.6857142857142857,0.5562913907284768,0.8936170212765957,0.7821507164164507,0.5416496133342776,0.3500438831526916,0.5119363395225465,0.376953125,0.7975206611570248
494,0.3954177796840668,0.8742511877711218,0.7616553758903836,0.5733460897440208,0.7148936170212766,0.5957446808510638,0.8936170212765957,0.7884542031395179,0.545386398988881,0.35538781286442606,0.5163043478260869,0.38461538461538464,0.7851239669421488
495,0.39616262912750244,0.8754389588927907,0.7611088257898176,0.5833537407614181,0.7224669603524229,0.6165413533834586,0.8723404255319149,0.7854075993936134,0.5344721745625636,0.33404559574059467,0.5026737967914439,0.3715415019762846,0.7768595041322314
496,0.3878038823604584,0.8778661433588101,0.7627385185580634,0.5783916392967098,0.7192982456140351,0.6119402985074627,0.8723404255319149,0.7767372487652207,0.5276622003744453,0.3207752076474863,0.4940867279894875,0.3622350674373796,0.7768595041322314
497,0.384583055973053,0.8783825655856228,0.7622355735931303,0.5925562479245564,0.7272727272727273,0.6131386861313869,0.8936170212765957,0.771993740525209,0.5273299026031657,0.3263893047939817,0.4986376021798365,0.3719512195121951,0.756198347107438
498,0.3784256875514984,0.8765234455690973,0.7599754144557351,0.5688880338488355,0.7136563876651982,0.6090225563909775,0.8617021276595744,0.7677881559000441,0.5239305086740965,0.33396909609124126,0.5042492917847026,0.38362068965517243,0.7355371900826446
499,0.38555994629859924,0.8723920677545962,0.757390420434967,0.5362979757580145,0.691358024691358,0.5637583892617449,0.8936170212765957,0.7695339625409556,0.523686146670226,0.3096623868719447,0.48840381991814463,0.3645621181262729,0.7396694214876033
500,0.3877558708190918,0.8728052055360462,0.7610066783198625,0.5745219121707312,0.7174887892376681,0.6201550387596899,0.851063829787234,0.775886351410827,0.5414161511751936,0.34714763124900255,0.5129682997118156,0.3938053097345133,0.7355371900826446
501,0.3896659016609192,0.8741995455484405,0.7616490694075546,0.4995742872212313,0.6693548387096774,0.538961038961039,0.8829787234042553,0.7772849528094283,0.5442300079670217,0.33028199726425667,0.5,0.36770428015564205,0.78099173553719
502,0.3910627067089081,0.8712559388556083,0.7555536655550352,0.549293523305598,0.7008547008547008,0.5857142857142857,0.8723404255319149,0.7754902440217125,0.5411500715765354,0.35609435971544395,0.518840579710145,0.39955357142857145,0.7396694214876033
503,0.37921419739723206,0.8719272877504648,0.7538913350086625,0.603549998174811,0.7358490566037735,0.6610169491525424,0.8297872340425532,0.7684678957406229,0.5341931475282937,0.35091040407632995,0.5159332321699545,0.407673860911271,0.7024793388429752
504,0.38295143842697144,0.8732183433174964,0.7561535352844182,0.535144387709802,0.6919831223628692,0.5734265734265734,0.8723404255319149,0.7638710939410239,0.5269093524963313,0.313719278190089,0.4895833333333333,0.3574144486692015,0.7768595041322314
505,0.38156747817993164,0.8696550299524891,0.754551932975038,0.5219251516801688,0.6831275720164609,0.5570469798657718,0.8829787234042553,0.7636657049244462,0.5293264271801094,0.29386681501536854,0.47715736040609136,0.3443223443223443,0.7768595041322314
506,0.3819236159324646,0.8659884321421193,0.7535697750717218,0.5160985119473708,0.680672268907563,0.5625,0.8617021276595744,0.7640960438163235,0.5355992107396707,0.327436568838113,0.49931787175989084,0.3727087576374745,0.756198347107438
507,0.3792788088321686,0.8646973765750878,0.7514908694147391,0.4777404133025266,0.6561264822134387,0.5220125786163522,0.8829787234042553,0.769827375421781,0.5391367144671124,0.30982802051917013,0.488,0.36023622047244097,0.756198347107438
508,0.37766674160957336,0.8633030365626937,0.7477937163826894,0.4995742872212313,0.6693548387096774,0.538961038961039,0.8829787234042553,0.771646535282899,0.5324359328645979,0.3212455113509829,0.49584487534626037,0.3729166666666667,0.7396694214876033
509,0.37035229802131653,0.8605143565379054,0.7439600530321391,0.49167532156025556,0.6666666666666666,0.5571428571428572,0.8297872340425532,0.7692894518069344,0.5254307743302464,0.33824358410948113,0.5071633237822349,0.3881578947368421,0.731404958677686
510,0.37690481543540955,0.8613922743234869,0.7397821750552902,0.5212365644491666,0.6833333333333333,0.5616438356164384,0.8723404255319149,0.7703995305393907,0.5352266416535434,0.3225186450243583,0.496551724137931,0.37267080745341613,0.743801652892562
511,0.36621665954589844,0.8630448254492873,0.7434475909366329,0.5300320971650611,0.6896551724137931,0.5797101449275363,0.851063829787234,0.7699349601447504,0.5354461303781657,0.3372387587326746,0.5064011379800853,0.38611713665943603,0.7355371900826446
512,0.36427241563796997,0.8649039454658128,0.750235331180087,0.5350267213221148,0.6929824561403509,0.5895522388059702,0.8404255319148937,0.7659249841068022,0.5286196297738581,0.31904697098199564,0.49493487698986977,0.38084632516703787,0.7066115702479339
513,0.3638085424900055,0.8659884321421194,0.7568611358958534,0.5183063820914517,0.6770428015564203,0.5337423312883436,0.925531914893617,0.7603012372243143,0.5156215607238049,0.3000389804302094,0.4816753926701571,0.3524904214559387,0.7603305785123967
514,0.3827832043170929,0.8551952076017352,0.7376883003101066,0.4872636007798923,0.6602870813397129,0.6,0.7340425531914894,0.7631033302361974,0.535349444520167,0.3478504851157328,0.5138461538461538,0.40931372549019607,0.6900826446280992
515,0.37855157256126404,0.8570026853955794,0.743353280129279,0.4777404133025266,0.6561264822134387,0.5220125786163522,0.8829787234042553,0.7672942442173212,0.5338748069942617,0.30847248070805133,0.48728246318607765,0.3603960396039604,0.7520661157024794
516,0.3805234730243683,0.8523032431315843,0.7392786447648608,0.4777404133025266,0.6561264822134387,0.5220125786163522,0.8829787234042553,0.7719203873050027,0.5367661053294086,0.30539578970645265,0.48533333333333334,0.35826771653543305,0.7520661157024794
517,0.38006478548049927,0.8505990497831026,0.7347532211169873,0.46060271146807946,0.6448598130841121,0.575,0.7340425531914894,0.7794390923761553,0.5439668547277069,0.3718235318256635,0.5290697674418605,0.4080717488789238,0.7520661157024794
518,0.3787733316421509,0.8495662053294774,0.7339308243556868,0.4764806379796417,0.6540284360189573,0.5897435897435898,0.7340425531914894,0.7782507702088121,0.5445481763301316,0.3552309480215834,0.5176803394625177,0.3935483870967742,0.756198347107438
519,0.3646177053451538,0.856331336500723,0.7418420993181407,0.4874291513565729,0.6636771300448431,0.5736434108527132,0.7872340425531915,0.7684385544525404,0.5363273821452017,0.3333495244716669,0.5034770514603616,0.37945492662473795,0.7479338842975206
520,0.3688907027244568,0.8563829787234043,0.7437867667556896,0.48888922481627706,0.663594470046083,0.5853658536585366,0.7659574468085106,0.7602865665802728,0.5296996455643525,0.3249045553490323,0.4985754985754986,0.3804347826086957,0.7231404958677686
521,0.3621477782726288,0.852819665358397,0.7377245584655653,0.4846827164052319,0.6604651162790698,0.5867768595041323,0.7553191489361702,0.7577338745170913,0.5294951494412223,0.33047319715221357,0.5021398002853067,0.38344226579520696,0.7272727272727273
522,0.35737958550453186,0.8570026853955793,0.7401699162828316,0.5064461993044783,0.6755555555555556,0.5801526717557252,0.8085106382978723,0.7608391608391608,0.5335743568171181,0.30730977007144106,0.48700410396716826,0.36400817995910023,0.7355371900826446
523,0.35377413034439087,0.8656269365833504,0.7489193095470941,0.5258468060418509,0.6861924686192469,0.5655172413793104,0.8723404255319149,0.7653626094185535,0.5380431996189857,0.3157325484193002,0.49239280774550487,0.3700623700623701,0.7355371900826446
524,0.3492104709148407,0.865885147696757,0.7514178934898259,0.5254909131110874,0.6872246696035242,0.5864661654135338,0.8297872340425532,0.76659005330334,0.5384590305644019,0.33363103293928603,0.5043478260869565,0.38839285714285715,0.71900826446281
525,0.3521365225315094,0.8623218343317497,0.7484166137871875,0.5304415998679402,0.6902654867256637,0.5909090909090909,0.8297872340425532,0.7639346667318696,0.53633555008005,0.3324771287948062,0.5036390101892285,0.3887640449438202,0.7148760330578512
526,0.34891003370285034,0.8598946498657303,0.7435385164445193,0.5300320971650611,0.6896551724137931,0.5797101449275363,0.851063829787234,0.7558266907917257,0.5183640707344509,0.3136536322065363,0.49142857142857144,0.37554585152838427,0.7107438016528925
527,0.347372442483902,0.8610824209873994,0.7481430316365483,0.5156133785261856,0.6810344827586207,0.572463768115942,0.8404255319148937,0.7502909677734853,0.4987571829848224,0.3048336458084164,0.48579545454545453,0.37012987012987014,0.7066115702479339
528,0.34321409463882446,0.8544722164841976,0.7449182116155573,0.5411523754271789,0.6968325791855203,0.6062992125984252,0.8191489361702128,0.7569856716709863,0.5249392956834708,0.3169320801552845,0.4935437589670014,0.378021978021978,0.7107438016528925
529,0.34500935673713684,0.856331336500723,0.7459929527260654,0.47081905196291024,0.6532258064516129,0.525974025974026,0.8617021276595744,0.7540124211452883,0.5187258912354579,0.28359068866685977,0.47214854111405835,0.34765625,0.7355371900826446
530,0.34453362226486206,0.8485333608758521,0.7383606405994799,0.5110252061985047,0.6784140969162996,0.5789473684210527,0.8191489361702128,0.7566629175020784,0.530112255165673,0.3213287034044341,0.4963924963924964,0.38137472283813745,0.7107438016528925
531,0.33575594425201416,0.8457446808510638,0.7358841506460605,0.5035003791742053,0.6728110599078341,0.5934959349593496,0.776595744680851,0.762614308768155,0.5378308643698623,0.3370828378745057,0.5067466266866567,0.3976470588235294,0.6983471074380165
532,0.3433769941329956,0.8442470563933071,0.7350534201199409,0.4752500641812334,0.6558704453441295,0.5294117647058824,0.8617021276595744,0.7605066262408919,0.5358549306420107,0.3096623868719447,0.48840381991814463,0.3645621181262729,0.7396694214876033
533,0.3418927788734436,0.8421297252633754,0.7307537428401727,0.43400014752527577,0.6311111111111111,0.5419847328244275,0.7553191489361702,0.7541444569416598,0.5291763943104372,0.3017655774724444,0.4838255977496484,0.36673773987206826,0.7107438016528925
534,0.3313344717025757,0.8474488741995457,0.7374016508739965,0.477912451785702,0.6538461538461539,0.5964912280701754,0.723404255319149,0.7535625213946892,0.533938709733849,0.32737188235143305,0.5,0.39901477832512317,0.6694214876033058
535,0.36013445258140564,0.8722371410865523,0.7625384755652346,0.4439074866558978,0.6308243727598566,0.4756756756756757,0.9361702127659575,0.7927184703408479,0.5523795355655737,0.3076278495247775,0.47535596933187296,0.323397913561848,0.8966942148760331
536,0.4127952456474304,0.8652137988019005,0.7554846486122604,0.46241814700093464,0.6441947565543071,0.49710982658959535,0.9148936170212766,0.8066115702479338,0.5592406762936727,0.3276822572373521,0.48863636363636365,0.33699059561128525,0.8884297520661157
537,0.39837348461151123,0.847758727535633,0.7369166443129977,0.4774677785927973,0.6577777777777778,0.5648854961832062,0.7872340425531915,0.8166560712015258,0.5777405607236105,0.35518055568365653,0.5153538050734312,0.3806706114398422,0.7975206611570248
538,0.388681560754776,0.8465193141912829,0.7322079402536323,0.44351978533180847,0.6379310344827587,0.5362318840579711,0.7872340425531915,0.8022690596117169,0.5512008517158891,0.35681739379763944,0.5125628140703518,0.36823104693140796,0.8429752066115702
539,0.37853896617889404,0.8538525098120223,0.7356453330338655,0.506858946820006,0.675,0.5547945205479452,0.8617021276595744,0.7815296591520368,0.5366643254545672,0.3091014252671374,0.4860050890585242,0.35110294117647056,0.7892561983471075
540,0.3829537034034729,0.8658851476967568,0.747604986140423,0.5350267213221148,0.6929824561403509,0.5895522388059702,0.8404255319148937,0.769250330089491,0.5323933379973527,0.29219373258998776,0.47706422018348627,0.3493282149712092,0.7520661157024794
541,0.4159558415412903,0.8604627143152241,0.7428683062229353,0.47639862641295766,0.656,0.5256410256410257,0.8723404255319149,0.7934471123282312,0.5694660142287519,0.309439126821418,0.4836759371221282,0.3418803418803419,0.8264462809917356
542,0.39872488379478455,0.8312848585003099,0.7313437387085657,0.48805394883752967,0.6636363636363637,0.5793650793650794,0.776595744680851,0.8077363196244316,0.5941628142349875,0.36119121633571294,0.5158831003811944,0.3724770642201835,0.8388429752066116
543,0.41437602043151855,0.8305102251600909,0.7359712183534866,0.5223281071561204,0.6826923076923077,0.6228070175438597,0.7553191489361702,0.8096141620617147,0.5946985089061286,0.38453090719647337,0.5355648535564853,0.40421052631578946,0.7933884297520661
544,0.4068806767463684,0.8570026853955793,0.7522449113145714,0.496654083581133,0.6694915254237288,0.5563380281690141,0.8404255319148937,0.7915105873147831,0.5628449578139263,0.34076720531273924,0.5075034106412005,0.3788187372708758,0.768595041322314
545,0.39961594343185425,0.855556703160504,0.7413040417140564,0.4684795352545454,0.648854961832061,0.5059523809523809,0.9042553191489362,0.7780722773729767,0.5407890590837809,0.30167564887725323,0.48284960422163586,0.3546511627906977,0.756198347107438
546,0.38939929008483887,0.8485850030985334,0.7322789211066811,0.44379129953961527,0.6343283582089553,0.4885057471264368,0.9042553191489362,0.7661108122646585,0.5259502716195819,0.3280284694506405,0.5,0.3755186721991701,0.7479338842975206
547,0.4065123498439789,0.8486366453212146,0.7374138587382755,0.42086326346931374,0.623574144486692,0.48520710059171596,0.8723404255319149,0.7636265832070028,0.528417903723191,0.3417133758258636,0.5092460881934566,0.3882863340563991,0.7396694214876033
548,0.3926094174385071,0.8513220409006403,0.7404049430242643,0.4520269262511079,0.642570281124498,0.5161290322580645,0.851063829787234,0.7635141082693531,0.537105309514547,0.34035902087342085,0.5088757396449705,0.39631336405529954,0.7107438016528925
549,0.37675154209136963,0.8386180541210494,0.7343100381780594,0.45342886600699583,0.6428571428571429,0.5538461538461539,0.7659574468085106,0.7610347694263777,0.5375384463833954,0.3589891596646208,0.5213414634146342,0.41304347826086957,0.7066115702479339
550,0.39030519127845764,0.841871514149969,0.7326853210813511,0.41602349840910147,0.6224066390041494,0.5102040816326531,0.7978723404255319,0.756716709863563,0.5264484736557314,0.31221351340856207,0.48936170212765956,0.3607843137254902,0.7603305785123967
551,0.4008236527442932,0.8382565585622804,0.7328823508424099,0.41965256937857753,0.6239316239316239,0.5214285714285715,0.776595744680851,0.7512152183480856,0.5101187830718045,0.31125996240024134,0.4891891891891892,0.3634538152610442,0.7479338842975206
552,0.3831752836704254,0.8330406940714727,0.7254553947626464,0.4742780704583489,0.6543778801843319,0.5772357723577236,0.7553191489361702,0.7536407648295761,0.5048289589886054,0.3256877669632795,0.49926578560939794,0.38724373576309795,0.7024793388429752
553,0.39908695220947266,0.8476038008675894,0.7363324996727387,0.46979970969118195,0.6530612244897959,0.5298013245033113,0.851063829787234,0.7571372683260794,0.4965029168065076,0.2970223112616688,0.47979139504563234,0.3504761904761905,0.7603305785123967
554,0.3749843239784241,0.8730634166494526,0.762280832615387,0.46649793823643787,0.6466165413533834,0.5,0.9148936170212766,0.7752017213555676,0.5284074735753548,0.30369503990377056,0.48284625158831,0.3486238532110092,0.7851239669421488
555,0.37784484028816223,0.8734765544309028,0.7647616184015379,0.5272910060025646,0.6857142857142857,0.5562913907284768,0.8936170212765957,0.778974521981515,0.5349402672966399,0.3256987763815074,0.4986149584487535,0.375,0.743801652892562
556,0.372801810503006,0.8699648832885768,0.761079077433222,0.5639207484040017,0.7088607594936709,0.5874125874125874,0.8936170212765957,0.7744143967920192,0.5415935936612707,0.3370116717658664,0.5065123010130246,0.3897550111358575,0.7231404958677686
557,0.367083340883255,0.8662466432555257,0.7564477080064451,0.5402273021049826,0.694560669456067,0.5724137931034483,0.8829787234042553,0.7697100102694507,0.5443936908372925,0.34102124635553727,0.5083798882681564,0.38396624472573837,0.7520661157024794
558,0.3525041937828064,0.8571059698409419,0.7454895083705784,0.4964214995056087,0.6695278969957081,0.5611510791366906,0.8297872340425532,0.7616607169054722,0.5353898173209799,0.3227470844021811,0.49657064471879286,0.37166324435318276,0.7479338842975206
559,0.3570577800273895,0.8543689320388349,0.7451985125921042,0.48586069076340815,0.660377358490566,0.5932203389830508,0.7446808510638298,0.7574257909922245,0.5290752791109518,0.33952927821689466,0.5078014184397163,0.38660907127429806,0.7396694214876033
560,0.36106616258621216,0.8574158231770295,0.749023246966938,0.5396554214675836,0.6952789699570815,0.5827338129496403,0.8617021276595744,0.7544427600371657,0.5294749703335508,0.316200112331186,0.49247606019151846,0.36809815950920244,0.743801652892562
561,0.3484737277030945,0.8605659987605867,0.7501822730207148,0.5833537407614181,0.7224669603524229,0.6165413533834586,0.8723404255319149,0.7538999462076386,0.5289771118411446,0.34154551740336636,0.5096870342771982,0.3986013986013986,0.7066115702479339
562,0.35307514667510986,0.8640776699029127,0.7544882668199332,0.5639207484040017,0.7088607594936709,0.5874125874125874,0.8936170212765957,0.7543302850995158,0.5225737474890056,0.3359015914241551,0.5057803468208093,0.3888888888888889,0.7231404958677686
563,0.3373583257198334,0.8646973765750879,0.7585193506966504,0.5317826730936265,0.6885245901639344,0.56,0.8936170212765957,0.7546872707711869,0.5195597061789977,0.3288932759861762,0.5006954102920723,0.37735849056603776,0.743801652892562
564,0.34341806173324585,0.8633030365626936,0.7560323250527168,0.5228223786612641,0.6829268292682927,0.5526315789473685,0.8936170212765957,0.7596459484571373,0.5308371617945981,0.315957758640569,0.4924346629986245,0.36907216494845363,0.7396694214876033
565,0.34107381105422974,0.862011980995662,0.7558125972921576,0.5258468060418509,0.6861924686192469,0.5655172413793104,0.8723404255319149,0.7618318744192869,0.5422089423115942,0.3370116717658664,0.5065123010130246,0.3897550111358575,0.7231404958677686
566,0.33266329765319824,0.858913447634786,0.7512311098132979,0.5411523754271789,0.6968325791855203,0.6062992125984252,0.8191489361702128,0.7608880629859651,0.5507712777332272,0.3397406208246582,0.5084226646248086,0.40389294403892945,0.6859504132231405
567,0.33186063170433044,0.8508056186738276,0.7435955717562598,0.515683312046659,0.6812227074235808,0.5777777777777777,0.8297872340425532,0.7582204508777934,0.5461688044867903,0.34258660388311934,0.5102639296187683,0.39545454545454545,0.71900826446281
568,0.3303859531879425,0.8523032431315843,0.7448626976142525,0.5011946598873103,0.6724137931034483,0.5652173913043478,0.8297872340425532,0.7545503447601349,0.5333782237494326,0.32443702750068554,0.49791376912378305,0.3752620545073375,0.7396694214876033
569,0.33264389634132385,0.856486263168767,0.7489582424136814,0.5075523276023233,0.6748971193415638,0.5503355704697986,0.8723404255319149,0.7533473519487506,0.5266775543968133,0.32394351896651713,0.49787835926449786,0.37849462365591396,0.7272727272727273
570,0.33030733466148376,0.8564346209460856,0.7493481954623116,0.5075523276023233,0.6748971193415638,0.5503355704697986,0.8723404255319149,0.7599491417673235,0.5435224934993499,0.34822603159797083,0.5137880986937591,0.3959731543624161,0.731404958677686
571,0.32625338435173035,0.8582420987399297,0.7528970828753083,0.5017144954493951,0.6722689075630253,0.5555555555555556,0.851063829787234,0.7588781847523106,0.5484794483931175,0.33244803299794223,0.5036818851251841,0.391304347826087,0.7066115702479339
572,0.3211275637149811,0.860256145424499,0.7536604835110313,0.48417253376902764,0.6612244897959184,0.5364238410596026,0.8617021276595744,0.7478752017213555,0.5274245264332075,0.31039105617354046,0.48933143669985774,0.37310195227765725,0.7107438016528925
573,0.3214515149593353,0.8612373476554431,0.7542721076050598,0.506858946820006,0.675,0.5547945205479452,0.8617021276595744,0.7482859797545113,0.5275759954572831,0.31006462059006024,0.48914616497829233,0.37639198218262804,0.6983471074380165
574,0.31533825397491455,0.8602045032018178,0.7546003045989748,0.5396554214675836,0.6952789699570815,0.5827338129496403,0.8617021276595744,0.752026993985036,0.5383838733398908,0.3259469684433715,0.4992389649923896,0.39518072289156625,0.6776859504132231
575,0.31602489948272705,0.8623218343317497,0.7590787517148591,0.5160985119473708,0.680672268907563,0.5625,0.8617021276595744,0.7530099271358013,0.5374397804143879,0.3268333846154222,0.5,0.39069767441860465,0.6942148760330579
576,0.31610769033432007,0.8621669076637057,0.7574252636755308,0.5254400621503641,0.6864406779661016,0.5704225352112676,0.8617021276595744,0.7574257909922245,0.543598335890108,0.3302169637440735,0.5022288261515602,0.39211136890951276,0.6983471074380165
577,0.3160433769226074,0.8572092542863045,0.7529375528224025,0.544573133449833,0.6986899563318777,0.5925925925925926,0.851063829787234,0.7654701941415227,0.5582247884467022,0.3564902097838574,0.5196374622356495,0.4095238095238095,0.7107438016528925
578,0.3162482976913452,0.8642842387936378,0.7601217660562508,0.5157523087551689,0.6808510638297872,0.5673758865248227,0.851063829787234,0.7681206904983129,0.5602449716083503,0.3448458677335591,0.5117647058823529,0.3972602739726027,0.71900826446281
579,0.31504905223846436,0.8610824209873993,0.7542388990541085,0.5064461993044783,0.6755555555555556,0.5801526717557252,0.8085106382978723,0.7683358599442515,0.5547385246515804,0.3506782163305774,0.5157421289355323,0.4047058823529412,0.7107438016528925
580,0.3132246732711792,0.8469324519727329,0.7385018058916527,0.5061167760057181,0.6754385964912281,0.5746268656716418,0.8191489361702128,0.766981270477774,0.5499639329282452,0.36090340022394085,0.5225225225225225,0.41037735849056606,0.71900826446281
581,0.31497249007225037,0.8578289609584798,0.751505250736803,0.4924813291908454,0.6666666666666666,0.547945205479452,0.851063829787234,0.7537238984791433,0.5295033846606345,0.30449077814589737,0.4854368932038835,0.3653444676409186,0.7231404958677686
582,0.3132847249507904,0.8588101631894236,0.7509200426505458,0.5013538635079559,0.6723404255319149,0.5602836879432624,0.8404255319148937,0.744388478654213,0.5152895979272234,0.30438807225393605,0.48546511627906974,0.3744394618834081,0.6900826446280992
583,0.31869325041770935,0.8475521586449081,0.7426024299078626,0.5252603416310533,0.6869565217391305,0.5808823529411765,0.8404255319148937,0.7607169054721503,0.5399366571452628,0.34935438879663644,0.5147058823529411,0.3995433789954338,0.7231404958677686
584,0.3129090964794159,0.8426977897128692,0.7371353390050102,0.48209379237333927,0.6607929515418502,0.5639097744360902,0.7978723404255319,0.7642623111154581,0.5444620419699013,0.3518359786119352,0.5165165165165165,0.4056603773584906,0.7107438016528925
585,0.32165753841400146,0.8536459409212972,0.747759407524546,0.4919798466685023,0.6666666666666666,0.5524475524475524,0.8404255319148937,0.7595628148075702,0.5442091936917308,0.30786396461846277,0.48773448773448774,0.37472283813747226,0.6983471074380165
586,0.31590497493743896,0.850444123115059,0.746472983559074,0.5317341948552083,0.6909090909090909,0.6031746031746031,0.8085106382978723,0.7624969436158248,0.5523224132932021,0.3280856797892728,0.5007541478129713,0.39429928741092635,0.6859504132231405
587,0.30856844782829285,0.8418198719272878,0.7388639544216925,0.4993315996332764,0.6697674418604651,0.5950413223140496,0.7659574468085106,0.7644970414201184,0.5542592881678172,0.3770969181417279,0.5333333333333333,0.43967828418230565,0.6776859504132231
588,0.3218741714954376,0.8490497831026647,0.7446796499543974,0.45914963853444024,0.6473029045643154,0.5306122448979592,0.8297872340425532,0.7615433517531419,0.5450967426481036,0.30606498807790783,0.48656294200848654,0.36989247311827955,0.7107438016528925
589,0.31839248538017273,0.8462094608551952,0.7407353358966954,0.44934847630336383,0.6416666666666667,0.5273972602739726,0.8191489361702128,0.7584820773631962,0.543965616516052,0.3068750339919992,0.4871060171919771,0.37280701754385964,0.7024793388429752
590,0.3131084740161896,0.8341251807477794,0.7282005443741151,0.4553849499491429,0.641860465116279,0.5702479338842975,0.7340425531914894,0.7646192967871289,0.5531809400186987,0.3613434894760407,0.5228346456692914,0.4223918575063613,0.6859504132231405
591,0.3346894681453705,0.8618054121049371,0.758276820008094,0.49795870561981226,0.6666666666666666,0.5279503105590062,0.9042553191489362,0.7584576262897943,0.5416827075301192,0.303418970822994,0.4844384303112314,0.36016096579476864,0.7396694214876033
592,0.34555840492248535,0.8645940921297255,0.7554599897448872,0.519550675906885,0.68,0.5448717948717948,0.9042553191489362,0.7521688102107683,0.533031531737251,0.3080871534983725,0.48787446504992865,0.37254901960784315,0.7066115702479339
593,0.3385288715362549,0.8541107209254286,0.7420516311186993,0.5494816939803131,0.7017543859649122,0.5970149253731343,0.851063829787234,0.7551860726685902,0.5370641208376019,0.3466648431741446,0.5130568356374808,0.4083129584352078,0.6900826446280992
594,0.3435048460960388,0.8564862631687667,0.7423112047667803,0.5159644819676142,0.6814159292035398,0.5833333333333334,0.8191489361702128,0.7540857743654946,0.5430675531835379,0.3502292881295482,0.5154320987654321,0.41133004926108374,0.6900826446280992
595,0.32945045828819275,0.8478103697583145,0.7383016182500083,0.4390821264426709,0.635593220338983,0.528169014084507,0.7978723404255319,0.7505305882928262,0.5508783147307269,0.3245613073980266,0.49851632047477745,0.3888888888888889,0.6942148760330579
596,0.34576740860939026,0.8515802520140467,0.738309939149969,0.48994046379088707,0.6635514018691588,0.5916666666666667,0.7553191489361702,0.7572350726196881,0.5573122728114974,0.3299143644619823,0.5015576323987538,0.4025,0.6652892561983471
597,0.34031569957733154,0.8337636851890106,0.7298648681910491,0.45839823108518674,0.6457399103139013,0.5581395348837209,0.7659574468085106,0.7819648882585946,0.578666865929186,0.3538407426065362,0.5174418604651163,0.3991031390134529,0.7355371900826446
598,0.34479886293411255,0.8433174963850444,0.7328499718469832,0.5060798719965912,0.6752136752136753,0.5642857142857143,0.8404255319148937,0.7821849479192137,0.5693210866299456,0.3450033391141069,0.5114285714285715,0.39082969432314413,0.7396694214876033
599,0.34061962366104126,0.8599979343110927,0.7437916266964213,0.5017144954493951,0.6722689075630253,0.5555555555555556,0.851063829787234,0.7762384468678176,0.5533188592919237,0.3359015914241551,0.5057803468208093,0.3888888888888889,0.7231404958677686
600,0.3303920030593872,0.8601528609791367,0.7467829550417961,0.4554268856133363,0.6448979591836734,0.5231788079470199,0.8404255319148937,0.7758667905521052,0.5530238889419891,0.32301364789783743,0.49719101123595505,0.37659574468085105,0.731404958677686
601,0.32938846945762634,0.8577773187357983,0.7455199201931231,0.4788066794466319,0.6584362139917695,0.5369127516778524,0.851063829787234,0.7799256687368575,0.5473485797137446,0.3342503256304145,0.5042016806722689,0.3813559322033898,0.743801652892562
602,0.3292789161205292,0.8598946498657303,0.7419502956735725,0.4807879183773714,0.6586345381526104,0.5290322580645161,0.8723404255319149,0.7707173944936183,0.5201556338387182,0.32318374209509076,0.4972067039106145,0.3755274261603376,0.7355371900826446
603,0.3217354118824005,0.8642325965709564,0.7494358394008389,0.4807879183773714,0.6586345381526104,0.5290322580645161,0.8723404255319149,0.773675974375275,0.5306433915863839,0.3305874432066538,0.5013698630136987,0.375,0.756198347107438
604,0.3216569721698761,0.8581904565172486,0.7528279195341175,0.5110470728657486,0.6779661016949152,0.5633802816901409,0.851063829787234,0.7704239816127927,0.5410032123201826,0.31440722015425127,0.49189985272459497,0.38215102974828374,0.6900826446280992
605,0.30491992831230164,0.8515802520140467,0.7499280746451822,0.510832806826267,0.6781115879828327,0.5683453237410072,0.8404255319148937,0.7586630153063719,0.5289924568277745,0.32572946144743675,0.4992526158445441,0.3911007025761124,0.6900826446280992
606,0.30560705065727234,0.8555567031605039,0.7504460402191239,0.4879003986179994,0.6639004149377593,0.54421768707483,0.851063829787234,0.7598708983324368,0.5288425579285094,0.32801925223712464,0.5007496251874063,0.39294117647058824,0.6900826446280992
607,0.307111918926239,0.8607209254286303,0.7538876639364933,0.48270531785245563,0.6610878661087866,0.5448275862068965,0.8404255319148937,0.7642231893980146,0.5352698360180338,0.3418150821909045,0.5098634294385432,0.4028776978417266,0.6942148760330579
608,0.3054845631122589,0.8615472009915306,0.7506890287320671,0.4788066794466319,0.6584362139917695,0.5369127516778524,0.851063829787234,0.7666731869529072,0.534487137731261,0.3453273868622036,0.5121951219512195,0.4057971014492754,0.6942148760330579
609,0.3022313714027405,0.8606692832059492,0.7506761445979091,0.474292654380802,0.6557377049180327,0.5333333333333333,0.851063829787234,0.769563303829038,0.5267450358753802,0.3456578069739251,0.5123456790123457,0.4088669950738916,0.6859504132231405
610,0.30258336663246155,0.8583970254079735,0.7472172817524931,0.5207562073627021,0.6835443037974683,0.5664335664335665,0.8617021276595744,0.7759841557044354,0.5479122337280998,0.3662624324364964,0.526148969889065,0.4267352185089974,0.6859504132231405
611,0.3032490313053131,0.8579322454038422,0.7450705829686672,0.49078264291093343,0.664,0.532051282051282,0.8829787234042553,0.7629223922930216,0.5315762301116742,0.32006055447344633,0.49560117302052786,0.3840909090909091,0.6983471074380165
612,0.30171898007392883,0.855763272051229,0.740292607113574,0.5030376637372143,0.6721311475409836,0.5466666666666666,0.8723404255319149,0.7597828744681892,0.5310744253460657,0.32246659367368313,0.49696969696969695,0.3923444976076555,0.6776859504132231
613,0.2967936098575592,0.8532844453625286,0.7424119230371546,0.5061167760057181,0.6754385964912281,0.5746268656716418,0.8191489361702128,0.7704435424715145,0.5527271865227154,0.37627975013576703,0.5326797385620915,0.44054054054054054,0.6735537190082644
614,0.29573947191238403,0.8576740342904359,0.7501442062536415,0.5063680270156022,0.6751054852320675,0.5594405594405595,0.851063829787234,0.7793926353366912,0.552453765410307,0.3622032332411302,0.5234493192133132,0.4128878281622912,0.7148760330578512
615,0.29360491037368774,0.8620636232183434,0.7485643953630526,0.5110470728657486,0.6779661016949152,0.5633802816901409,0.851063829787234,0.7747029194581643,0.5424766132486317,0.35241745910291533,0.5169230769230769,0.4117647058823529,0.6942148760330579
616,0.29146698117256165,0.8585003098533361,0.7478640961469031,0.5110252061985047,0.6784140969162996,0.5789473684210527,0.8191489361702128,0.7747860531077314,0.5500139794881467,0.36809624729312557,0.5274725274725275,0.4253164556962025,0.6942148760330579
617,0.2917802035808563,0.8429043586035943,0.7392968909888082,0.4915687361049193,0.6666666666666666,0.5620437956204379,0.8191489361702128,0.7874028069832266,0.5679408478676662,0.3597418019679585,0.5217391304347826,0.40941176470588236,0.71900826446281
618,0.2986389696598053,0.8474488741995455,0.7417551056812279,0.5060798719965912,0.6752136752136753,0.5642857142857143,0.8404255319148937,0.7807276639444471,0.5513244457733879,0.3495227369776276,0.5149700598802395,0.40375586854460094,0.7107438016528925
619,0.28811442852020264,0.8538525098120222,0.7432218253950729,0.5012384013450718,0.6724890829694323,0.5703703703703704,0.8191489361702128,0.7742481294928847,0.5343855375773334,0.3548007692851712,0.5185185185185185,0.41379310344827586,0.6942148760330579
620,0.29440781474113464,0.8374819252220616,0.7334822747060451,0.42059324104504275,0.625,0.5136986301369864,0.7978723404255319,0.7881852413320944,0.5643631938726837,0.353900334724693,0.5172413793103449,0.3964757709251101,0.743801652892562
621,0.31024882197380066,0.8350030985333609,0.7322064641326238,0.42910177456565896,0.6283185840707964,0.5378787878787878,0.7553191489361702,0.7813682820675829,0.562348555815719,0.36118239371936406,0.5227963525835866,0.41346153846153844,0.7107438016528925
622,0.30520081520080566,0.8490497831026648,0.7343361795076088,0.4779279126367492,0.6576576576576577,0.5703125,0.776595744680851,0.7680766785661891,0.5266432760770992,0.3604179757994869,0.5221518987341772,0.4230769230769231,0.6818181818181818
623,0.28843504190444946,0.8594298698615989,0.7428844027521895,0.5110252061985047,0.6784140969162996,0.5789473684210527,0.8191489361702128,0.7807472248031688,0.5250827250829246,0.3783567280407978,0.5344,0.4360313315926893,0.6900826446280992
624,0.3007267713546753,0.8564346209460856,0.7359974385204389,0.5013538635079559,0.6723404255319149,0.5602836879432624,0.8404255319148937,0.7940437185192429,0.5411563636534382,0.3708186639279329,0.5288035450516987,0.4114942528735632,0.7396694214876033
625,0.2992587387561798,0.8524065275769469,0.7270872075920464,0.4964214995056087,0.6695278969957081,0.5611510791366906,0.8297872340425532,0.7890605897598906,0.5364019288326648,0.3742690073744356,0.5311572700296736,0.41435185185185186,0.7396694214876033
626,0.2954689562320709,0.8570026853955794,0.7407754224230012,0.4919798466685023,0.6666666666666666,0.5524475524475524,0.8404255319148937,0.7753777690840628,0.5326023145099679,0.33370113538792395,0.5045045045045045,0.39622641509433965,0.6942148760330579
627,0.29569894075393677,0.856899400950217,0.7432117127622648,0.5252603416310533,0.6869565217391305,0.5808823529411765,0.8404255319148937,0.7703897501100299,0.5382875422781139,0.35026556474688675,0.5151033386327504,0.4186046511627907,0.6694214876033058
628,0.28273215889930725,0.8480169386490395,0.7353555849566833,0.5129094299982591,0.6788990825688074,0.5967741935483871,0.7872340425531915,0.7752261724289696,0.5529051937904749,0.38574179982736945,0.5383304940374787,0.4579710144927536,0.6528925619834711
629,0.2947486340999603,0.8562280520553605,0.736816760724299,0.45644143433374973,0.6451612903225806,0.5194805194805194,0.851063829787234,0.7746686879554011,0.5517574108508959,0.33585795338740887,0.5058139534883721,0.3901345291479821,0.71900826446281
630,0.3254777789115906,0.8539557942573848,0.7348208116304532,0.4822610942965175,0.6610169491525424,0.5492957746478874,0.8297872340425532,0.7698420460658223,0.5518273333989704,0.3478504851157328,0.5138461538461538,0.40931372549019607,0.6900826446280992
631,0.30225104093551636,0.8447118363974386,0.7393338246533933,0.49831602815839965,0.6697247706422018,0.5887096774193549,0.776595744680851,0.7813242701354589,0.5728327250294553,0.42141950885118556,0.5628318584070796,0.49226006191950467,0.6570247933884298
632,0.33921676874160767,0.849514563106796,0.7411635007648896,0.41900147411897604,0.6230769230769231,0.4879518072289157,0.8617021276595744,0.7907477138246369,0.5649416802007728,0.32983641286850934,0.49870801033591733,0.36278195488721804,0.7975206611570248
633,0.39501476287841797,0.8677442677132824,0.7536712614045635,0.4623663920935711,0.6461538461538462,0.5060240963855421,0.8936170212765957,0.7992811384419777,0.5692043196837562,0.3353874227697832,0.49817739975698666,0.3528399311531842,0.8471074380165289
634,0.3666549324989319,0.8639227432348688,0.7495639001878563,0.4633419680553136,0.6482213438735178,0.5157232704402516,0.8723404255319149,0.7847425301970756,0.5296396133835236,0.3528520855125705,0.5115089514066496,0.37037037037037035,0.8264462809917356
635,0.39702144265174866,0.8662466432555257,0.7464513772545787,0.4820691877727226,0.6587301587301587,0.5253164556962026,0.8829787234042553,0.7727223825125924,0.5183795841297373,0.32288111992888474,0.4942381562099872,0.3580705009276438,0.7975206611570248
636,0.3712094724178314,0.8497727742202024,0.7309844812923858,0.43384191271472633,0.631578947368421,0.5373134328358209,0.7659574468085106,0.7667465401731137,0.5432294746305123,0.31161482582281225,0.49008498583569404,0.3728448275862069,0.7148760330578512
637,0.36722996830940247,0.8317496385044413,0.7125153808539116,0.48994046379088707,0.6635514018691588,0.5916666666666667,0.7553191489361702,0.7647415521541396,0.5515484319097257,0.3536078446139335,0.5177195685670262,0.41277641277641275,0.6942148760330579
638,0.35264715552330017,0.8280830406940716,0.6996980812574028,0.4742780704583489,0.6543778801843319,0.5772357723577236,0.7553191489361702,0.763122891094919,0.5440130879080277,0.34346611070180877,0.5108359133126935,0.4084158415841584,0.6818181818181818
639,0.34431126713752747,0.8369138607725677,0.7066768867258639,0.39183800578672173,0.6083333333333333,0.5,0.776595744680851,0.7772507213066655,0.5386346855393094,0.3752452844598956,0.5306704707560628,0.40522875816993464,0.768595041322314
640,0.3471028208732605,0.8590683743028299,0.7288896994627163,0.4879003986179994,0.6639004149377593,0.54421768707483,0.851063829787234,0.7869626876619883,0.5531484869069049,0.3987401407492339,0.5459770114942529,0.4185022026431718,0.7851239669421488
641,0.3381718397140503,0.8546271431522414,0.7419530839742697,0.5157523087551689,0.6808510638297872,0.5673758865248227,0.851063829787234,0.7826592987432148,0.5581153499366115,0.3806597414590693,0.5360501567398119,0.4318181818181818,0.7066115702479339
642,0.3216664791107178,0.8417165874819253,0.7324893289667522,0.4964214995056087,0.6695278969957081,0.5611510791366906,0.8297872340425532,0.7679984351313023,0.5626937630864277,0.3801498237175545,0.535303776683087,0.444141689373297,0.6735537190082644
643,0.32453951239585876,0.8364490807684363,0.7250684773732595,0.48201019218495045,0.6609442060085837,0.5539568345323741,0.8191489361702128,0.7564721991295419,0.5549800162296747,0.34564719176192965,0.5119236883942766,0.4160206718346253,0.6652892561983471
644,0.3269062042236328,0.836397438545755,0.7261856629697472,0.4675988848642922,0.6523605150214592,0.5467625899280576,0.8085106382978723,0.7727957357327988,0.566370126023778,0.35194864049461816,0.5166163141993958,0.40714285714285714,0.7066115702479339
645,0.31625646352767944,0.8354678785374922,0.7265465420838682,0.46060271146807946,0.6448598130841121,0.575,0.7340425531914894,0.7889872365396841,0.5776701930786339,0.39831582407140276,0.5481239804241436,0.4528301886792453,0.6942148760330579
646,0.3381596803665161,0.8480169386490396,0.7320764321763314,0.40889916050548175,0.6153846153846154,0.4692737430167598,0.8936170212765957,0.7899897305491711,0.5706206175682748,0.31734997006246374,0.48894348894348894,0.3479020979020979,0.8223140495867769
647,0.3898317813873291,0.8527680231357158,0.7374474118222475,0.40646196319212946,0.6120996441281139,0.45989304812834225,0.9148936170212766,0.7869137855151842,0.5687444949681452,0.30385696920001365,0.48198757763975153,0.34458259325044405,0.8016528925619835
648,0.40737366676330566,0.853026234249122,0.7441723029216163,0.4419192907236711,0.6356589147286822,0.5,0.8723404255319149,0.7993006993006994,0.5819695343153616,0.33228206282671247,0.5027777777777778,0.3786610878661088,0.7479338842975206
649,0.3551638722419739,0.8375335674447427,0.7322893306208093,0.5407887806983404,0.6875,0.673469387755102,0.7021276595744681,0.7805613966453127,0.5687738598751262,0.43949765761311477,0.5685884691848907,0.5478927203065134,0.5909090909090909
650,0.7605612277984619,0.8091819871927287,0.695196876188334,0.22692283528577284,0.5212464589235127,0.3552123552123552,0.9787234042553191,0.7378698224852072,0.5190626638071985,0.16088968112049554,0.3972602739726027,0.2505399568034557,0.9586776859504132
651,1.310868263244629,0.8237967362115266,0.7173041675768151,0.22500366797637442,0.5273311897106109,0.3778801843317972,0.8723404255319149,0.769734461342853,0.555595337002854,0.2259301520257767,0.4278892072588348,0.2782608695652174,0.9256198347107438
652,0.7819417119026184,0.7676099979343112,0.6451689106199915,0.11233672681986864,0.4880952380952381,0.33884297520661155,0.8723404255319149,0.7013105775343537,0.3504903200543608,0.19793338590731133,0.41134751773049644,0.2618510158013544,0.9586776859504132
653,0.8177880644798279,0.7149349307994216,0.5853542277558861,0.23910121801268547,0.5319148936170213,0.39893617021276595,0.7978723404255319,0.7020538901657782,0.37581744188046845,0.23597575987546598,0.4384133611691023,0.29329608938547486,0.8677685950413223
654,0.8735424280166626,0.7438545755009296,0.5579032701148037,0.28529765645794325,0.5512820512820513,0.3944954128440367,0.9148936170212766,0.7061690058193555,0.4170014193498597,0.2332026889834733,0.43366336633663366,0.28515625,0.9049586776859504
655,0.7904680371284485,0.7659574468085107,0.5855058820046273,0.3323693451766164,0.5733333333333334,0.4174757281553398,0.9148936170212766,0.7115457968604822,0.4194718466074404,0.2394461749096306,0.43917525773195876,0.2925824175824176,0.8801652892561983
656,0.7497605681419373,0.7792811402602768,0.6252843283792975,0.3483075756765418,0.5821917808219178,0.4292929292929293,0.9042553191489362,0.719619541297863,0.42495327766455215,0.23190064986061334,0.4410377358490566,0.3085808580858086,0.7727272727272727
657,0.7531200051307678,0.7954967981821937,0.6624759544365493,0.34045699993992995,0.5782312925170068,0.425,0.9042553191489362,0.732661743850555,0.44828045916077824,0.20606592942975757,0.42725173210161665,0.296474358974359,0.7644628099173554
658,0.7353470921516418,0.827979756248709,0.7012973515270737,0.35181423763479724,0.5830508474576271,0.42786069651741293,0.9148936170212766,0.7278155411022543,0.451620908077933,0.22703105837275467,0.43524416135881105,0.29285714285714287,0.8471074380165289
659,0.6758750677108765,0.7948254492873373,0.7003057789103129,0.3381854741516125,0.5801526717557252,0.4523809523809524,0.8085106382978723,0.7314342999657685,0.47027745481502137,0.2530125744782032,0.45045045045045046,0.30959752321981426,0.8264462809917356
660,0.6841774582862854,0.7837740136335468,0.6895624842367915,0.33906662701680246,0.5795053003533569,0.43386243386243384,0.8723404255319149,0.7388087437038485,0.5032931349092883,0.21184207467019356,0.4300341296928328,0.2967032967032967,0.78099173553719
661,0.6796228885650635,0.8006610204503203,0.7072877733250498,0.3471388841565475,0.5836298932384342,0.4385026737967914,0.8723404255319149,0.7313805076042839,0.48836312853846287,0.22563170920607786,0.4372842347525892,0.30303030303030304,0.7851239669421488
662,0.6527050137519836,0.8046891138194587,0.7237182098124448,0.3356547443652593,0.5787545787545788,0.441340782122905,0.8404255319148937,0.7314391901804489,0.47866813359973004,0.23909498259593776,0.4452466907340554,0.3140916808149406,0.7644628099173554
663,0.6532187461853027,0.8279281140260277,0.7325657563300376,0.12276574555679773,0.49283667621776506,0.33725490196078434,0.9148936170212766,0.7322167343146364,0.4778301713867352,0.21552518728332234,0.42916666666666664,0.28690807799442897,0.8512396694214877
664,0.6390685439109802,0.839547614129312,0.7290485627944824,0.3569171995087853,0.5874125874125874,0.4375,0.8936170212765957,0.7412636314734217,0.49014989382833923,0.2322175364323899,0.43844492440604754,0.29678362573099415,0.8388429752066116
665,0.6301351189613342,0.8496694897748399,0.7373554471210886,0.3552245259477273,0.5878136200716846,0.44324324324324327,0.8723404255319149,0.7444324905863365,0.4906856685755927,0.24668303463565958,0.4485981308411215,0.3127035830618892,0.7933884297520661
666,0.622048020362854,0.8817909522825863,0.7580196420452143,0.4508295380934603,0.6279863481228669,0.4623115577889447,0.9787234042553191,0.7438163235366032,0.4802739503097494,0.2638044757818859,0.4556677890011223,0.31278890600924497,0.8388429752066116
667,0.5987729430198669,0.8785374922536666,0.757629287049857,0.4657850422277115,0.6405693950177936,0.48128342245989303,0.9574468085106383,0.7447063426084405,0.48355250890768325,0.26747562942355746,0.4580498866213152,0.315625,0.8347107438016529
668,0.5922157168388367,0.8732699855401777,0.7533924129453946,0.45868798010725953,0.6379928315412187,0.4810810810810811,0.9468085106382979,0.7490977553914616,0.4911219831864795,0.268555210362632,0.4592422502870264,0.3179650238473768,0.8264462809917356
669,0.5760515332221985,0.8865420367692625,0.7634690292226858,0.48119535053850027,0.6498194945848376,0.4918032786885246,0.9574468085106383,0.7529854760623991,0.4945806551885832,0.27560804944029416,0.4624145785876993,0.3191823899371069,0.8388429752066116
670,0.5639986991882324,0.8940301590580458,0.7701506429868209,0.5232221006317598,0.674074074074074,0.5170454545454546,0.9680851063829787,0.7545601251894958,0.49317384202919573,0.2773714553722094,0.46311010215664017,0.3192488262910798,0.8429752066115702
671,0.5565683841705322,0.9010535013426978,0.777726220450262,0.6015218597110895,0.7250996015936255,0.5796178343949044,0.9680851063829787,0.7569612205975842,0.4920705641980707,0.2991033454693199,0.477326968973747,0.33557046979865773,0.8264462809917356
672,0.5562790632247925,0.9020863457963231,0.7796322462092461,0.5512661566718783,0.6920152091254753,0.5384615384615384,0.9680851063829787,0.7582620177025772,0.4936101719167792,0.29997985861483706,0.47575057736720555,0.3301282051282051,0.8512396694214877
673,0.5440611839294434,0.9034806858087171,0.7806304036371344,0.5594371053326148,0.6973180076628352,0.5449101796407185,0.9680851063829787,0.7601887622866644,0.5025375303221772,0.3085153968199987,0.4817001180637544,0.3371900826446281,0.8429752066115702
674,0.5318081974983215,0.8942883701714522,0.7730002418148754,0.5490962280427611,0.6923076923076923,0.5421686746987951,0.9574468085106383,0.7578170081666585,0.5047611932058401,0.2885896781639075,0.4718562874251497,0.33220910623946037,0.8140495867768595
675,0.5355620980262756,0.8938752323900021,0.7750197613656268,0.49962213787055504,0.6641509433962264,0.5146198830409356,0.9361702127659575,0.7537630201965866,0.49963760174584493,0.2508977816331711,0.4513064133016627,0.31666666666666665,0.7851239669421488
676,0.5205785036087036,0.8977483990910968,0.7766604501011248,0.5222877359601973,0.6768060836501901,0.5266272189349113,0.9468085106382979,0.7542862731673919,0.4904626726347659,0.2562855379385799,0.45422116527942924,0.31886477462437396,0.7892561983471075
677,0.5147441029548645,0.8945465812848586,0.7705707731674838,0.5574034259302053,0.6976744186046512,0.5487804878048781,0.9574468085106383,0.7617536309844002,0.49588609104205483,0.2844229284024047,0.46987951807228917,0.33163265306122447,0.8057851239669421
678,0.5114746689796448,0.8904152034703574,0.7679715022930467,0.5351406486261603,0.6816479400749064,0.5260115606936416,0.9680851063829787,0.7630593183040735,0.4967958680376525,0.27549200273930147,0.464075382803298,0.3245469522240527,0.8140495867768595
679,0.5067582726478577,0.8883495145631068,0.7672128895461808,0.5346412553845629,0.6846153846153846,0.536144578313253,0.9468085106382979,0.7631669030270428,0.4976461400713784,0.2869516728432686,0.4718826405867971,0.3350694444444444,0.7975206611570248
680,0.4940314292907715,0.8910865523652138,0.7702725911587829,0.5408651247561748,0.6870229007633588,0.5357142857142857,0.9574468085106383,0.7609369651327693,0.49511366463346196,0.27306137764788685,0.4643734643734644,0.3304195804195804,0.78099173553719
681,0.4982462525367737,0.8879363767816567,0.7662638206256186,0.49978725880709085,0.6594202898550725,0.5,0.9680851063829787,0.7614797789622965,0.4931574434701193,0.27959556097550387,0.46565774155995343,0.3241491085899514,0.8264462809917356
682,0.49137187004089355,0.8778661433588101,0.7588243598305425,0.5139519048503919,0.6774193548387096,0.5454545454545454,0.8936170212765957,0.7638515330823024,0.49601893969982264,0.3118789394985292,0.4893048128342246,0.3616600790513834,0.756198347107438
683,0.5146505832672119,0.8775046478000412,0.7586525207323355,0.2675251775202959,0.5344827586206896,0.3661417322834646,0.9893617021276596,0.7558511418651279,0.49250921266957254,0.19003598045594358,0.4170905391658189,0.2766531713900135,0.8471074380165289
684,0.5687894225120544,0.8895372856847759,0.7689608657181287,0.5749001871282449,0.7131147540983607,0.58,0.925531914893617,0.7566922587901609,0.49326700716767036,0.2955094138706194,0.4793608521970706,0.35363457760314343,0.743801652892562
685,0.5128054022789001,0.8864903945465812,0.7638917319911065,0.558869534442812,0.7068965517241379,0.5942028985507246,0.8723404255319149,0.757846349454741,0.49174449107656604,0.34711353441628584,0.5132743362831859,0.39908256880733944,0.71900826446281
686,0.5288410782814026,0.8836500722991119,0.7529438434115672,0.480615811986607,0.6476868327402135,0.48663101604278075,0.9680851063829787,0.7651523301872952,0.49322173251935897,0.2728378259798548,0.4604966139954853,0.3167701863354037,0.8429752066115702
687,0.5158169865608215,0.8802416856021482,0.7475074972913778,0.46555419244423973,0.6366782006920415,0.4717948717948718,0.9787234042553191,0.7662575187050712,0.4911930881134006,0.26515093723807376,0.4540540540540541,0.3074670571010249,0.8677685950413223
688,0.5267729163169861,0.8703780210700268,0.7419065418197046,0.4601964610220256,0.6439393939393939,0.5,0.9042553191489362,0.7618709961367305,0.49161113166023324,0.282268281649473,0.46833930704898447,0.32941176470588235,0.8099173553719008
689,0.5052525401115417,0.8708944432968394,0.7449488127844484,0.4810155263628499,0.6563706563706564,0.5151515151515151,0.9042553191489362,0.7594699007286421,0.4916347311868942,0.29042852077714,0.47374847374847373,0.3362218370883882,0.8016528925619835
690,0.4916629493236542,0.8819975211733113,0.7531722838791662,0.5075431151845716,0.6642335766423357,0.5055555555555555,0.9680851063829787,0.749860628881608,0.48044794388900247,0.24570705446356653,0.44617092119866814,0.30500758725341426,0.8305785123966942
691,0.4887212812900543,0.8782792811402602,0.7495773236177597,0.49208286204011503,0.6546762589928058,0.4945652173913043,0.9680851063829787,0.749273803119957,0.48131181460655503,0.2485089937410281,0.44819819819819817,0.3080495356037152,0.8223140495867769
692,0.48441994190216064,0.8705845899607519,0.7460937624892602,0.5141375980062481,0.6716981132075471,0.52046783625731,0.9468085106382979,0.7582766883466184,0.4956856329213607,0.28229569441420543,0.46971569839307786,0.3350970017636684,0.7851239669421488
693,0.4747230112552643,0.8701198099566204,0.7458236201394232,0.511910888955523,0.6717557251908397,0.5238095238095238,0.9361702127659575,0.7624724925424227,0.5031134218284483,0.28994586147076695,0.47474747474747475,0.3418181818181818,0.7768595041322314
694,0.4736090302467346,0.8688803966122702,0.7383282118122803,0.5182044182937096,0.6742424242424242,0.5235294117647059,0.9468085106382979,0.7627952467113306,0.5047554115233714,0.2907768146137176,0.4742014742014742,0.3374125874125874,0.7975206611570248
695,0.47847315669059753,0.8671762032637885,0.7355209497330774,0.52958095797559,0.6852589641434262,0.5477707006369427,0.9148936170212766,0.7623086703506283,0.5050715786908199,0.30229774707424784,0.48258064516129034,0.350844277673546,0.7727272727272727
696,0.46707138419151306,0.8732699855401777,0.7390713608241162,0.5183762043065722,0.680161943319838,0.5490196078431373,0.8936170212765957,0.7619834710743802,0.5022036948742002,0.3060093555182494,0.48626373626373626,0.36419753086419754,0.731404958677686
697,0.4737502634525299,0.8774013633546788,0.7420903458923533,0.5046692715228395,0.6642066420664207,0.5084745762711864,0.9574468085106383,0.7604675045234486,0.49603549179714035,0.2660480003575892,0.4583333333333333,0.3183279742765273,0.8181818181818182
698,0.4713400900363922,0.8726502788680025,0.7365479491464321,0.514096875227755,0.6744186046511628,0.5304878048780488,0.925531914893617,0.7692258790160889,0.5056375196065492,0.29542141537991423,0.4775,0.34229390681003585,0.7892561983471075
699,0.46034473180770874,0.8700681677339394,0.7352890752706643,0.5095489105036349,0.6746987951807228,0.5419354838709678,0.8936170212765957,0.7741307643405546,0.5123203067673516,0.33866948094166527,0.5061224489795918,0.3772819472616633,0.768595041322314
700,0.4639466106891632,0.8760070233422846,0.737057668796363,0.5429679090293885,0.689922480620155,0.5426829268292683,0.9468085106382979,0.769147635581202,0.511063964036703,0.3096647470227782,0.4856070087609512,0.348294434470377,0.8016528925619835
701,0.45353204011917114,0.8742511877711215,0.7359628408507651,0.5411926275817871,0.6901960784313725,0.546583850931677,0.9361702127659575,0.7673920485109295,0.5106955338577193,0.28947791808257317,0.4749679075738126,0.34450651769087526,0.7644628099173554
702,0.4497685730457306,0.8719272877504647,0.7328292695110008,0.5506707998358602,0.6995884773662552,0.5704697986577181,0.9042553191489362,0.7677221380018582,0.5130411602240128,0.31069540032145065,0.48945147679324896,0.37100213219616207,0.71900826446281
703,0.4494832456111908,0.8722371410865524,0.7283943183238415,0.5454523098559085,0.6929133858267716,0.55,0.9361702127659575,0.7693187930950168,0.5092776213583193,0.30687795042986693,0.4856396866840731,0.3549618320610687,0.768595041322314
704,0.43120095133781433,0.8738896922123528,0.729845191299937,0.5471599568970624,0.6926070038910506,0.5460122699386503,0.9468085106382979,0.7674409506577339,0.507524342784953,0.3041936443876325,0.4829329962073325,0.34790528233151186,0.7892561983471075
705,0.43446770310401917,0.8708944432968395,0.7296380781227004,0.5339346924048608,0.688,0.5512820512820513,0.9148936170212766,0.7640129101667563,0.505606419077281,0.31976352851615436,0.49343832020997375,0.36153846153846153,0.7768595041322314
706,0.4375143349170685,0.8747676099979343,0.7266921092378197,0.5369530821117213,0.6875,0.5432098765432098,0.9361702127659575,0.7599613673040246,0.4987895228517362,0.29736420868442165,0.47869674185463656,0.3435251798561151,0.7892561983471075
707,0.43427184224128723,0.8686221854988638,0.7271448260177843,0.5254400621503641,0.6864406779661016,0.5704225352112676,0.8617021276595744,0.7590591226954864,0.5006987097253672,0.3227270306041583,0.4971590909090909,0.3787878787878788,0.7231404958677686
708,0.4352549612522125,0.8726502788680025,0.7267775496698217,0.5258468060418509,0.6861924686192469,0.5655172413793104,0.8723404255319149,0.7589148613624138,0.4914377765215111,0.3208657007485345,0.4957983193277311,0.375,0.731404958677686
709,0.4281432032585144,0.8730634166494526,0.7264454170479431,0.5454523098559085,0.6929133858267716,0.55,0.9361702127659575,0.7630837693774757,0.48791051313945777,0.3051894496775925,0.4839948783610755,0.35064935064935066,0.78099173553719
710,0.4287523031234741,0.8694484610617641,0.7241236292905515,0.5416638300804103,0.6938775510204082,0.5629139072847682,0.9042553191489362,0.766912807472248,0.496661989141182,0.3324798251588268,0.5027624309392266,0.3775933609958506,0.7520661157024794
711,0.4282064139842987,0.8745093988845279,0.7318920268011415,0.5454019187851178,0.6970954356846473,0.5714285714285714,0.8936170212765957,0.7679642036285392,0.49883986848010814,0.3441603292156884,0.5095367847411444,0.3800813008130081,0.7727272727272727
712,0.4169881343841553,0.8781243544722165,0.7362377501926877,0.5597772988268974,0.7053941908713693,0.5782312925170068,0.9042553191489362,0.7627365641351656,0.49789838581999185,0.3334516940533131,0.5027027027027027,0.37349397590361444,0.768595041322314
713,0.4135783016681671,0.8777628589134477,0.7377037334807656,0.5639207484040017,0.7088607594936709,0.5874125874125874,0.8936170212765957,0.7593720964350335,0.49448957485419587,0.3305850944849823,0.502127659574468,0.38228941684665224,0.731404958677686
714,0.4157566726207733,0.8760070233422846,0.7345598560213504,0.5416638300804103,0.6938775510204082,0.5629139072847682,0.9042553191489362,0.7595774854516114,0.49365951892435506,0.3225009349318034,0.49595687331536387,0.368,0.7603305785123967
715,0.41152259707450867,0.8768849411278661,0.7300565850299257,0.5770867418987881,0.712,0.5705128205128205,0.9468085106382979,0.7638759841557045,0.4993043065562419,0.32901334772269875,0.5,0.3714859437751004,0.7644628099173554
716,0.41780996322631836,0.8795186944846106,0.7293873829680712,0.5794164479915516,0.7160493827160493,0.5838926174496645,0.925531914893617,0.7700816665851631,0.5097457131777344,0.33842596798054836,0.506155950752394,0.3783231083844581,0.7644628099173554
717,0.4106251299381256,0.8732958066515182,0.7298275272532084,0.5300320971650611,0.6896551724137931,0.5797101449275363,0.851063829787234,0.7697491319868942,0.5134274365802876,0.3527289067959319,0.5168869309838473,0.4009111617312073,0.7272727272727273
718,0.405348539352417,0.8706878744061144,0.7211155929706923,0.5427071401087129,0.6935483870967742,0.5584415584415584,0.9148936170212766,0.7612157073695536,0.4963167447950674,0.3115610883926581,0.489247311827957,0.36254980079681276,0.7520661157024794
719,0.39949631690979004,0.8658851476967568,0.7165882387351806,0.5272910060025646,0.6857142857142857,0.5562913907284768,0.8936170212765957,0.7587070272384958,0.495124706629616,0.3287404684080812,0.5,0.3724696356275304,0.7603305785123967
720,0.40875867009162903,0.8640260276802314,0.7120340946948328,0.5151927776284901,0.6772908366533864,0.5414012738853503,0.9042553191489362,0.7654946452149249,0.5093083982931116,0.3263893047939817,0.4986376021798365,0.3719512195121951,0.756198347107438
721,0.39668402075767517,0.8648006610204503,0.7192032537342176,0.5212365644491666,0.6833333333333333,0.5616438356164384,0.8723404255319149,0.7705022250476795,0.5174538973990845,0.354052630328146,0.5179640718562875,0.4061032863849765,0.7148760330578512
722,0.40208324790000916,0.8648523032431316,0.7147689100412881,0.5327515843483518,0.6882591093117408,0.5555555555555556,0.9042553191489362,0.7662232872023083,0.5058737641782108,0.3333495244716669,0.5034770514603616,0.37945492662473795,0.7479338842975206
723,0.39603108167648315,0.8605143565379054,0.7120686593313023,0.5183762043065722,0.680161943319838,0.5490196078431373,0.8936170212765957,0.7574844735683897,0.4960808327116497,0.3263893047939817,0.4986376021798365,0.3719512195121951,0.756198347107438
724,0.39180988073349,0.8586552365213799,0.7089484227472769,0.5212365644491666,0.6833333333333333,0.5616438356164384,0.8723404255319149,0.7568340750158933,0.49773561643912,0.3204063692339695,0.4951856946354883,0.3711340206185567,0.743801652892562
725,0.3911139667034149,0.8609791365420368,0.7136252735481199,0.5160985119473708,0.680672268907563,0.5625,0.8617021276595744,0.7631497872756614,0.5086627069185723,0.3419497802929726,0.509142053445851,0.3859275053304904,0.7479338842975206
726,0.3950166404247284,0.8660400743648007,0.7207824454463047,0.5219251516801688,0.6831275720164609,0.5570469798657718,0.8829787234042553,0.7685314685314686,0.5146097435990943,0.3360462799976581,0.5057142857142857,0.3864628820960699,0.731404958677686
727,0.3799455165863037,0.8686738277215452,0.728718932808739,0.5416638300804103,0.6938775510204082,0.5629139072847682,0.9042553191489362,0.7671964399237128,0.5138894414476767,0.34711353441628584,0.5132743362831859,0.39908256880733944,0.71900826446281
728,0.3872237205505371,0.870791158851477,0.7276767141529051,0.519550675906885,0.68,0.5448717948717948,0.9042553191489362,0.766301530637195,0.5189691092602412,0.32318374209509076,0.4972067039106145,0.3755274261603376,0.7355371900826446
729,0.3860108256340027,0.8689320388349514,0.7323433633883148,0.5444508158039365,0.6982758620689655,0.5869565217391305,0.8617021276595744,0.766416450682185,0.5296020030837516,0.36017109336857656,0.5221374045801527,0.41404358353510895,0.7066115702479339
730,0.39574143290519714,0.8727019210906837,0.7317899332769299,0.5081156448339704,0.671875,0.5308641975308642,0.9148936170212766,0.7618612157073695,0.5111538797592339,0.32299302334657093,0.4965893587994543,0.37067209775967414,0.7520661157024794
731,0.3877922296524048,0.8717723610824211,0.7335105454772887,0.5272910060025646,0.6857142857142857,0.5562913907284768,0.8936170212765957,0.7621937503056385,0.5008907740013591,0.3549633247729519,0.5181950509461426,0.4,0.7355371900826446
732,0.38487672805786133,0.8775046478000413,0.7363609935079344,0.5605276824500387,0.7049180327868853,0.5733333333333334,0.9148936170212766,0.7662624089197516,0.5117278281228502,0.34720602700019026,0.5128939828080229,0.3925438596491228,0.7396694214876033
733,0.3776724636554718,0.8733732699855402,0.7311218591787326,0.5546077981681143,0.702928870292887,0.5793103448275863,0.8936170212765957,0.766717198885031,0.5220120949446073,0.34821393310867477,0.5138686131386861,0.3972911963882618,0.7272727272727273
734,0.3805278241634369,0.8694484610617641,0.7294970483072967,0.5304825284453466,0.6890756302521008,0.5694444444444444,0.8723404255319149,0.7633625116142599,0.5212019995009259,0.34052480955588255,0.5085714285714286,0.388646288209607,0.7355371900826446
735,0.37898528575897217,0.873734765544309,0.7343703366344602,0.5160985119473708,0.680672268907563,0.5625,0.8617021276595744,0.7643747860531078,0.5154061320878528,0.3494163541222389,0.514367816091954,0.394273127753304,0.7396694214876033
736,0.3704524636268616,0.8796219789299731,0.7376801209786055,0.5471269643901313,0.6963562753036437,0.5620915032679739,0.9148936170212766,0.7667807716758765,0.5101026732794902,0.34714763124900255,0.5129682997118156,0.3938053097345133,0.7355371900826446
737,0.3802172839641571,0.8769882255732288,0.7356209938161227,0.5506707998358602,0.6995884773662552,0.5704697986577181,0.9042553191489362,0.7671964399237126,0.5087088156888309,0.3617914221176989,0.5228951255539144,0.4068965517241379,0.731404958677686
738,0.3678901195526123,0.8716174344143772,0.7314215571824667,0.5252441141469253,0.6866952789699571,0.5755395683453237,0.851063829787234,0.7642720915448189,0.5070931525312483,0.36691332410874705,0.5266362252663622,0.41686746987951806,0.7148760330578512
739,0.3737277686595917,0.8706878744061144,0.7289422002576876,0.5286530581419412,0.6792452830188679,0.5263157894736842,0.9574468085106383,0.7469949630788791,0.48226106013363124,0.3010468541008952,0.48230668414154654,0.3531669865642994,0.7603305785123967
740,0.3994772732257843,0.8664532121462507,0.730782871815226,0.5304415998679402,0.6902654867256637,0.5909090909090909,0.8297872340425532,0.7554599246906939,0.5167588977934838,0.4033941022350947,0.5514950166112956,0.46111111111111114,0.6859504132231405
741,0.3917182981967926,0.8760586655649659,0.7362522907820592,0.5670708947561619,0.7068273092369478,0.567741935483871,0.9361702127659575,0.759758423394787,0.5109121850364086,0.3527464272383672,0.5165945165945166,0.3968957871396896,0.7396694214876033
742,0.3738730251789093,0.8729601322040901,0.7358351189329358,0.5429679090293885,0.689922480620155,0.5426829268292683,0.9468085106382979,0.7640275808107976,0.5186517285217414,0.3424463629695399,0.5089903181189488,0.38253638253638256,0.7603305785123967
743,0.38085559010505676,0.8634579632307374,0.7283015812139062,0.5156133785261856,0.6810344827586207,0.572463768115942,0.8404255319148937,0.7682233850066018,0.5391466448958881,0.3721301500251769,0.5302325581395348,0.42431761786600497,0.7066115702479339
744,0.3816007375717163,0.8656785788060318,0.7316329865149372,0.5166432089832373,0.6771653543307087,0.5375,0.9148936170212766,0.7602547801848502,0.5263342336169599,0.3278268247971749,0.5,0.37656903765690375,0.743801652892562
745,0.37979820370674133,0.866298285478207,0.73268898684978,0.493696926195095,0.6640625,0.5246913580246914,0.9042553191489362,0.7583329258154433,0.5233791316042369,0.3213287034044341,0.4963924963924964,0.38137472283813745,0.7107438016528925
746,0.38741153478622437,0.8675893410452385,0.7347169617729095,0.4833423896567845,0.6611570247933884,0.5405405405405406,0.851063829787234,0.7650716416450682,0.5364565346290164,0.3450832170582378,0.5120481927710844,0.4028436018957346,0.7024793388429752
747,0.367911696434021,0.8629415410039248,0.724520336324975,0.4797010314476335,0.6585365853658537,0.5328947368421053,0.8617021276595744,0.7680693432441684,0.5367500413125179,0.3460390337461255,0.5122302158273381,0.39293598233995586,0.7355371900826446
748,0.363189160823822,0.8612889898781243,0.7176803643763604,0.49708581391558737,0.6694560669456067,0.5517241379310345,0.851063829787234,0.7690498312875935,0.5301982655439417,0.36071179206806386,0.5213675213675214,0.3978260869565217,0.756198347107438
749,0.3720912039279938,0.8674344143771948,0.7205738234929985,0.5228223786612641,0.6829268292682927,0.5526315789473685,0.8936170212765957,0.7616191500806886,0.5154664848534072,0.3524183665646545,0.5152354570637119,0.3875,0.768595041322314
750,0.37053242325782776,0.8717207188597397,0.7296657102174593,0.5327515843483518,0.6882591093117408,0.5555555555555556,0.9042553191489362,0.7613208469851825,0.5160892604049444,0.34052480955588255,0.5085714285714286,0.388646288209607,0.7355371900826446
751,0.3693133592605591,0.8753873166701095,0.7391668457483941,0.5362979757580145,0.691358024691358,0.5637583892617449,0.8936170212765957,0.7651229888992127,0.527122352293659,0.3515970236469885,0.5161290322580645,0.4,0.7272727272727273
752,0.363704651594162,0.884114852303243,0.7525184446999205,0.5239294065667667,0.6827309236947792,0.5483870967741935,0.9042553191489362,0.7602841214729326,0.5177116346766576,0.32485497982737,0.49793672627235214,0.3731958762886598,0.7479338842975206
753,0.359152227640152,0.8777112166907662,0.7510595466120689,0.5499917997074876,0.7,0.5753424657534246,0.8936170212765957,0.7629933004058879,0.5235396738622701,0.3484603939894803,0.5142857142857142,0.40425531914893614,0.7066115702479339
754,0.36999571323394775,0.8780210700268539,0.7467620726175109,0.4894528072858412,0.6614785992217899,0.5214723926380368,0.9042553191489362,0.7655508826837497,0.5295776140429603,0.33354175811945996,0.5034578146611342,0.3783783783783784,0.7520661157024794
755,0.36384668946266174,0.872340425531915,0.7471508789154683,0.5063680270156022,0.6751054852320675,0.5594405594405595,0.851063829787234,0.770724729815639,0.5387562937802941,0.3654371110299437,0.5255255255255256,0.41273584905660377,0.7231404958677686
756,0.3619420826435089,0.8836500722991119,0.7568368543602341,0.556036654158256,0.7020408163265306,0.5695364238410596,0.9148936170212766,0.763284268179373,0.5169453136384652,0.3701149176515753,0.5287009063444109,0.4166666666666667,0.7231404958677686
757,0.36247503757476807,0.8895889279074571,0.7618705490396608,0.5597772988268974,0.7053941908713693,0.5782312925170068,0.9042553191489362,0.7579025869235659,0.5033559806085075,0.3562708568864356,0.5194029850746269,0.40654205607476634,0.71900826446281
758,0.35012537240982056,0.8845796323073745,0.7585890344964454,0.5589476444968078,0.7063829787234043,0.5886524822695035,0.8829787234042553,0.7638344173309208,0.5199562689313784,0.3788598393920279,0.5348101265822784,0.43333333333333335,0.6983471074380165
759,0.35269200801849365,0.885250981202231,0.7526799535571106,0.5239294065667667,0.6827309236947792,0.5483870967741935,0.9042553191489362,0.7637488385740133,0.5229305920783044,0.34155364822642553,0.5093525179856115,0.39072847682119205,0.731404958677686
760,0.3614128530025482,0.8761619500103285,0.7493835783551754,0.5300320971650611,0.6896551724137931,0.5797101449275363,0.851063829787234,0.7677637048266418,0.5257489017188928,0.3801016727054923,0.5356576862123613,0.43444730077120824,0.6983471074380165
761,0.3688674569129944,0.8851993389795497,0.7484719575114502,0.5367769463160378,0.6844106463878327,0.5325443786982249,0.9574468085106383,0.755968507017458,0.5166513328168582,0.30131154052974823,0.4827586206896552,0.35546875,0.7520661157024794
762,0.3873802423477173,0.8823073745093989,0.7489904561019501,0.5204223109105299,0.683982683982684,0.5766423357664233,0.8404255319148937,0.7604186023766445,0.533058684201173,0.38683666765106445,0.5402843601895735,0.4373401534526854,0.7066115702479339
763,0.364676833152771,0.8716690766370585,0.7347490701852497,0.49693483396075877,0.6696428571428571,0.5769230769230769,0.7978723404255319,0.7646486380752116,0.5343278019326924,0.40038640872262715,0.5495934959349593,0.45308310991957107,0.6983471074380165
764,0.3782017230987549,0.8704296632927081,0.7317008346340883,0.5252481556265692,0.6825396825396826,0.5443037974683544,0.9148936170212766,0.7544623208958873,0.4942594762763963,0.32908945569442005,0.5006915629322268,0.3762993762993763,0.7479338842975206
765,0.3764122426509857,0.8700165255112581,0.7301571772308119,0.5077985256043568,0.6692015209125475,0.5207100591715976,0.9361702127659575,0.7483886742628001,0.4810341613777763,0.3200534858684563,0.4940239043824701,0.3639921722113503,0.768595041322314
766,0.37304866313934326,0.8718756455277835,0.7383205926283148,0.5120899544658716,0.6776859504132231,0.5540540540540541,0.8723404255319149,0.7540759939361337,0.4929379277112389,0.34054561445326953,0.5090361445783133,0.4004739336492891,0.6983471074380165
767,0.35918405652046204,0.8692935343937204,0.7394804605497711,0.5110470728657486,0.6779661016949152,0.5633802816901409,0.851063829787234,0.7602865665802729,0.5216816998140029,0.3714692891526445,0.5297805642633229,0.42676767676767674,0.6983471074380165
768,0.3671063780784607,0.8692418921710391,0.7245786733066297,0.5022386585469018,0.6692913385826772,0.53125,0.9042553191489362,0.7565993447112328,0.5202240261383897,0.33301995744396634,0.5035161744022504,0.3816631130063966,0.7396694214876033
769,0.3663879334926605,0.8744577566618467,0.733205275604461,0.535144387709802,0.6919831223628692,0.5734265734265734,0.8723404255319149,0.7585089735439386,0.5208093804727486,0.3415028469618341,0.5094066570188133,0.39198218262806234,0.7272727272727273
770,0.3605746328830719,0.8689836810576327,0.7353018975453237,0.5339470922750985,0.6915887850467289,0.6166666666666667,0.7872340425531915,0.7665289256198347,0.5377893895157221,0.3671742936599135,0.526813880126183,0.4260204081632653,0.6900826446280992
771,0.3660237193107605,0.8790539144804793,0.7365456891237444,0.5416638300804103,0.6938775510204082,0.5629139072847682,0.9042553191489362,0.7656706929434203,0.5423679942907134,0.3350571863509385,0.5049645390070922,0.38444924406047515,0.7355371900826446
772,0.3632465898990631,0.8826688700681677,0.7471104180008936,0.5749001871282449,0.7131147540983607,0.58,0.925531914893617,0.7655875592938529,0.5460961292758194,0.3427248055548357,0.5100286532951289,0.39035087719298245,0.7355371900826446
773,0.3700508177280426,0.873734765544309,0.7451780179992836,0.5360464265366377,0.6936936936936937,0.6015625,0.8191489361702128,0.7662868599931537,0.5466109906700363,0.36472714390321065,0.5251908396946565,0.41646489104116224,0.7107438016528925
774,0.3677791357040405,0.8741995455484404,0.7445064101584222,0.4781037115616849,0.6583333333333333,0.541095890410959,0.8404255319148937,0.7603012372243141,0.525751650502692,0.34291080419861286,0.509915014164306,0.3879310344827586,0.743801652892562
775,0.35248926281929016,0.8778661433588101,0.7508947910097277,0.5160985119473708,0.680672268907563,0.5625,0.8617021276595744,0.7688542227003766,0.5285739195828839,0.34261636364974923,0.5101449275362319,0.39285714285714285,0.7272727272727273
776,0.3481747806072235,0.8814294567238175,0.75666809716331,0.5114663099787191,0.6778242677824268,0.5586206896551724,0.8617021276595744,0.784517580321776,0.5440844016290194,0.37129039501355837,0.529500756429652,0.41766109785202865,0.7231404958677686
777,0.3523775041103363,0.8855091923156373,0.760634747910157,0.5120899544658716,0.6776859504132231,0.5540540540540541,0.8723404255319149,0.7858281578561298,0.5420206925061217,0.3718969941120233,0.5294117647058824,0.410958904109589,0.743801652892562
778,0.3472142219543457,0.8813778145011362,0.7532979332253322,0.5350267213221148,0.6929824561403509,0.5895522388059702,0.8404255319148937,0.7744779695828647,0.5272164893005309,0.37450453264194933,0.5315315315315315,0.41745283018867924,0.731404958677686
779,0.3468427062034607,0.8729601322040901,0.7384217698241482,0.5252603416310533,0.6869565217391305,0.5808823529411765,0.8404255319148937,0.7565993447112329,0.49928419397474977,0.34821393310867477,0.5138686131386861,0.3972911963882618,0.7272727272727273
780,0.33798131346702576,0.864749018797769,0.7293716521449493,0.510832806826267,0.6781115879828327,0.5683453237410072,0.8404255319148937,0.7557582277861998,0.5013818006696373,0.33585795338740887,0.5058139534883721,0.3901345291479821,0.71900826446281
781,0.34644895792007446,0.867486056599876,0.7372533178428604,0.4725569730135299,0.6553191489361702,0.5460992907801419,0.8191489361702128,0.7630788791627954,0.5176709822584776,0.3629358037093787,0.5236686390532544,0.4078341013824885,0.731404958677686
782,0.345907062292099,0.871772361082421,0.7422541400639829,0.48201019218495045,0.6609442060085837,0.5539568345323741,0.8191489361702128,0.7651327693285735,0.5252910055027179,0.37429131110307795,0.5316846986089645,0.4246913580246914,0.7107438016528925
783,0.3427368104457855,0.8661433588101632,0.7363122072815518,0.47759166632140243,0.6582278481012658,0.5454545454545454,0.8297872340425532,0.7613624138099664,0.5174013025118473,0.3806597414590693,0.5360501567398119,0.4318181818181818,0.7066115702479339
784,0.33775123953819275,0.8632513943400125,0.7319645235692475,0.4869554182607429,0.6638297872340425,0.5531914893617021,0.8297872340425532,0.7578145630593183,0.5138154736170335,0.37549858690917104,0.5325077399380805,0.42574257425742573,0.7107438016528925
785,0.3377089202404022,0.8732699855401777,0.7469221231643095,0.49771617206132807,0.6694214876033058,0.5472972972972973,0.8617021276595744,0.7607242407941709,0.5175646054950839,0.3556150428339424,0.5190839694656488,0.4116222760290557,0.7024793388429752
786,0.3328284025192261,0.8726502788680025,0.7523462115113206,0.5252441141469253,0.6866952789699571,0.5755395683453237,0.851063829787234,0.7736124015844297,0.5402231295578883,0.3684051753388971,0.5276461295418642,0.42710997442455245,0.6900826446280992
787,0.3335065245628357,0.8609791365420368,0.7375068432998662,0.45815852776631694,0.6468085106382979,0.5390070921985816,0.8085106382978723,0.7747982786444325,0.5462081308240554,0.3569844330900978,0.52,0.41421568627450983,0.6983471074380165
788,0.33397820591926575,0.8614439165461681,0.7314292651329182,0.45992014970259587,0.6475409836065574,0.5266666666666666,0.8404255319148937,0.7714533718030222,0.5402411795987481,0.34280817370854805,0.50997150997151,0.38913043478260867,0.7396694214876033
789,0.33435890078544617,0.8637161743441438,0.7392654270934069,0.47727077112391997,0.6581196581196581,0.55,0.8191489361702128,0.775138148564722,0.5405733589139454,0.36660298350542747,0.5263157894736842,0.41371158392434987,0.7231404958677686
790,0.31993237137794495,0.870997727742202,0.7459062481641232,0.4919798466685023,0.6666666666666666,0.5524475524475524,0.8404255319148937,0.7727859553034377,0.5325544882197794,0.3619535601333746,0.523168908819133,0.4098360655737705,0.7231404958677686
791,0.31883740425109863,0.8728052055360463,0.7470111126021358,0.515683312046659,0.6812227074235808,0.5777777777777777,0.8297872340425532,0.7743654946452149,0.5340787066296167,0.38134644390529804,0.5365079365079365,0.43556701030927836,0.6983471074380165
792,0.3268117606639862,0.8658335054740756,0.7367868564815943,0.47727077112391997,0.6581196581196581,0.55,0.8191489361702128,0.7724876522079318,0.5383227024122476,0.36573212326524257,0.5258358662613982,0.41586538461538464,0.7148760330578512
793,0.320818156003952,0.8645940921297253,0.7348226805985528,0.4915687361049193,0.6666666666666666,0.5620437956204379,0.8191489361702128,0.7750599051298351,0.5411328422046395,0.38435724528018295,0.5385826771653544,0.4351145038167939,0.7066115702479339
794,0.32748883962631226,0.8696033877298079,0.7378860945804465,0.48641641693429033,0.6613545816733067,0.5286624203821656,0.8829787234042553,0.7617487407697199,0.5159680380297895,0.33928168845239587,0.5079365079365079,0.3902439024390244,0.7272727272727273
795,0.3284911811351776,0.864749018797769,0.7384077589379158,0.515683312046659,0.6812227074235808,0.5777777777777777,0.8297872340425532,0.7695926451171207,0.5252112808435476,0.3902008013163103,0.5425867507886435,0.4387755102040816,0.7107438016528925
796,0.32166698575019836,0.8631997521173312,0.7406200473280631,0.48733047895141923,0.6638655462184874,0.5486111111111112,0.8404255319148937,0.7763118000880239,0.5392981714806669,0.37622351090481665,0.5329249617151608,0.4233576642335766,0.71900826446281
797,0.32262468338012695,0.867072918818426,0.7459032985565892,0.5017144954493951,0.6722689075630253,0.5555555555555556,0.851063829787234,0.7729668932466135,0.5322014796194332,0.378618093791485,0.5345622119815668,0.4254278728606357,0.71900826446281
798,0.32191312313079834,0.8685705432761825,0.750227356626891,0.5447053444691096,0.6981132075471698,0.6271186440677966,0.7872340425531915,0.7757249743263729,0.5309579948572939,0.4214983934064738,0.5634782608695652,0.4864864864864865,0.6694214876033058
799,0.34290486574172974,0.8530778764718033,0.7173231275245397,0.47696264732597976,0.651685393258427,0.5028901734104047,0.925531914893617,0.7417673235855055,0.49560350099662376,0.29857894575328986,0.48128342245989303,0.3557312252964427,0.743801652892562
800,0.3843664526939392,0.8484817186531709,0.7204081343123019,0.47342955767423045,0.6535433070866141,0.51875,0.8829787234042553,0.7423443689177955,0.5016536574653548,0.32471359429579894,0.49855907780979825,0.3827433628318584,0.7148760330578512
801,0.37228432297706604,0.8733216277628589,0.7474509934825574,0.5174101684154203,0.680327868852459,0.5533333333333333,0.8829787234042553,0.7632427013545896,0.508026268676858,0.35325787222028854,0.517503805175038,0.40963855421686746,0.7024793388429752
802,0.35520854592323303,0.8885560834538319,0.7397493303618798,0.5471599568970624,0.6926070038910506,0.5460122699386503,0.9468085106382979,0.7567338256149445,0.4783184804430296,0.32357711374245424,0.4972375690607735,0.37344398340248963,0.743801652892562
803,0.3751470446586609,0.8674344143771948,0.7201046187118986,0.5301507540023818,0.6893617021276596,0.574468085106383,0.8617021276595744,0.7621692992322363,0.4965189535953263,0.33952927821689466,0.5078014184397163,0.38660907127429806,0.7396694214876033
804,0.3645644187927246,0.8552726709357571,0.7319715446585218,0.4734938668316368,0.6545454545454545,0.5714285714285714,0.7659574468085106,0.7697246809134921,0.5170694771411961,0.358336439911318,0.5203488372093024,0.4013452914798206,0.7396694214876033
805,0.3426247239112854,0.8493596364387523,0.7305473309777222,0.49523649834422057,0.6666666666666666,0.5966386554621849,0.7553191489361702,0.7756418406768059,0.5296512288297991,0.3659137056875894,0.5259938837920489,0.4174757281553398,0.7107438016528925
806,0.3623952567577362,0.8693968188390828,0.7416916660401572,0.4995742872212313,0.6693548387096774,0.538961038961039,0.8829787234042553,0.7659616607169055,0.5167545866388372,0.3533226849034729,0.5160390516039052,0.3894736842105263,0.7644628099173554
807,0.3565039336681366,0.8739155133236934,0.7466158746490161,0.4995742872212313,0.6693548387096774,0.538961038961039,0.8829787234042553,0.7710352584478459,0.5360590359735763,0.3605870250706756,0.5217391304347826,0.4017857142857143,0.743801652892562
808,0.34357377886772156,0.8689320388349514,0.7479506453508566,0.5215167980616655,0.6846846846846847,0.59375,0.8085106382978723,0.7800234730304662,0.5588870575237164,0.4014765505164583,0.5502471169686985,0.4575342465753425,0.6900826446280992
809,0.36366209387779236,0.8754647800041314,0.7520882995467036,0.493696926195095,0.6640625,0.5246913580246914,0.9042553191489362,0.7668101129639592,0.5483308537353805,0.33596441231487667,0.5057471264367817,0.3876651982378855,0.7272727272727273
810,0.3698773682117462,0.8666339599256353,0.7435719569301706,0.48962544422301296,0.6639676113360324,0.5359477124183006,0.8723404255319149,0.7627561249938873,0.5467511782905374,0.3506782163305774,0.5157421289355323,0.4047058823529412,0.7107438016528925
811,0.35224422812461853,0.8536459409212973,0.7325058367484506,0.5059475914725076,0.6729857819905213,0.6068376068376068,0.7553191489361702,0.7639297765171892,0.5441294458698958,0.3857880838882319,0.5387205387205387,0.45454545454545453,0.6611570247933884
812,0.3636038601398468,0.8503924808923775,0.7162218371396748,0.46339828416177714,0.6486486486486487,0.5625,0.7659574468085106,0.7549562325786101,0.5149146725043985,0.34499284362710914,0.5119760479041916,0.4014084507042254,0.7066115702479339
813,0.3368062376976013,0.8492563519933898,0.709550818061191,0.49708581391558737,0.6694560669456067,0.5517241379310345,0.851063829787234,0.7536163137561739,0.4951055025183111,0.3227270306041583,0.4971590909090909,0.3787878787878788,0.7231404958677686
814,0.35105201601982117,0.8558149142739104,0.7158568012229485,0.5120899544658716,0.6776859504132231,0.5540540540540541,0.8723404255319149,0.7617585211990806,0.5006881425286074,0.3437318588897845,0.5108853410740203,0.39373601789709173,0.7272727272727273
815,0.34105318784713745,0.8639227432348688,0.7266717452633891,0.5204223109105299,0.683982683982684,0.5766423357664233,0.8404255319148937,0.7754168908015062,0.5202114448613913,0.390751336405297,0.5429017160686428,0.43609022556390975,0.71900826446281
816,0.3446491062641144,0.8605918198719272,0.7267194688975711,0.5114368232786797,0.6785714285714286,0.5846153846153846,0.8085106382978723,0.7855591960487066,0.5438310501464858,0.4067623858336555,0.5538971807628524,0.4626038781163435,0.6900826446280992
817,0.33094990253448486,0.8585519520760173,0.7238027000141215,0.510832806826267,0.6781115879828327,0.5683453237410072,0.8404255319148937,0.774561103232432,0.5342077041145605,0.39730170298456885,0.5474683544303798,0.44358974358974357,0.7148760330578512
818,0.3302977383136749,0.8618054121049369,0.722662444218787,0.47294646245344346,0.6554621848739496,0.5416666666666666,0.8297872340425532,0.7736026211550686,0.5321856976776728,0.3819820488504876,0.5368098159509203,0.4268292682926829,0.7231404958677686
819,0.32774418592453003,0.8689836810576327,0.7375762482183387,0.5252441141469253,0.6866952789699571,0.5755395683453237,0.851063829787234,0.7821409359870899,0.5398590767608084,0.3965212852541519,0.5469255663430421,0.449468085106383,0.6983471074380165
820,0.33083489537239075,0.8736314810989465,0.7501773631545917,0.5129181819247189,0.6775510204081633,0.5496688741721855,0.8829787234042553,0.7722920436207149,0.5264136492264028,0.3943461173803507,0.5454545454545454,0.44415584415584414,0.7066115702479339
821,0.32247215509414673,0.864335881016319,0.7434710740944575,0.46443385536878623,0.6502057613168725,0.5302013422818792,0.8404255319148937,0.7628148075700524,0.5235747093545873,0.3975488991587874,0.5475409836065573,0.453804347826087,0.6900826446280992
822,0.32445985078811646,0.8488948564346209,0.7239304887390053,0.4530827571269694,0.6434782608695652,0.5441176470588235,0.7872340425531915,0.7836911340407844,0.5485922002838747,0.39644929459645806,0.5468998410174881,0.4444444444444444,0.7107438016528925
823,0.33809077739715576,0.8544722164841975,0.7258526052036849,0.46640742231423965,0.6506024096385542,0.5225806451612903,0.8617021276595744,0.7759450339869919,0.5066105430114175,0.3572754134906886,0.5193687230989957,0.3978021978021978,0.7479338842975206
824,0.3465441167354584,0.8545238587068787,0.7241368451043736,0.4447742584926606,0.6390041493775933,0.5238095238095238,0.8191489361702128,0.7759059122695486,0.4928685599211585,0.36975012555839837,0.5281899109792285,0.41203703703703703,0.7355371900826446
825,0.35245877504348755,0.8514253253460029,0.7203315959676992,0.46786810501190196,0.652542372881356,0.5422535211267606,0.8191489361702128,0.7902635825712748,0.5215341444215911,0.3978210789007096,0.5474006116207951,0.4344660194174757,0.7396694214876033
826,0.3428851366043091,0.8641293121255939,0.7356370414912807,0.48417253376902764,0.6612244897959184,0.5364238410596026,0.8617021276595744,0.8028387696219864,0.5415076959847162,0.41678050487348184,0.5581395348837209,0.4304932735426009,0.7933884297520661
827,0.34463104605674744,0.8766783722371411,0.7476071777687116,0.5212365644491666,0.6833333333333333,0.5616438356164384,0.8723404255319149,0.8010024940094871,0.5444554467949815,0.3987977156543545,0.5465116279069767,0.42152466367713004,0.7768595041322314
828,0.3428199291229248,0.8748708944432969,0.7458963318063625,0.561944996605918,0.7096774193548387,0.6260162601626016,0.8191489361702128,0.7951782483251014,0.5475961844413176,0.38870468655410384,0.5412844036697247,0.42961165048543687,0.731404958677686
829,0.329630047082901,0.8733732699855402,0.7437522738303717,0.5360464265366377,0.6936936936936937,0.6015625,0.8191489361702128,0.7884395324954766,0.5347571839347416,0.37913656939324436,0.5349922239502333,0.428927680798005,0.7107438016528925
830,0.333717405796051,0.8798285478206982,0.7502916251603412,0.5362979757580145,0.691358024691358,0.5637583892617449,0.8936170212765957,0.7892513081324269,0.5335739302199909,0.39029177713229335,0.5419161676646707,0.42488262910798125,0.7479338842975206
831,0.3322373926639557,0.8869035323280314,0.7566450237741714,0.5095489105036349,0.6746987951807228,0.5419354838709678,0.8936170212765957,0.7802826544085285,0.5208847945970094,0.3966194976456493,0.5465648854961832,0.43341404358353514,0.7396694214876033
832,0.34397169947624207,0.8810679611650486,0.7494316725224861,0.5120899544658716,0.6776859504132231,0.5540540540540541,0.8723404255319149,0.7670595139126608,0.5129110912541892,0.38680113737453237,0.5401234567901234,0.43103448275862066,0.7231404958677686
833,0.3219316303730011,0.8730117744267714,0.7433772883863611,0.5549427912324426,0.7053571428571429,0.6076923076923076,0.8404255319148937,0.7632011345298059,0.5184032198673466,0.386775548038059,0.5401929260450161,0.4421052631578947,0.6942148760330579
834,0.32592764496803284,0.8769882255732286,0.7478272265294877,0.5258468060418509,0.6861924686192469,0.5655172413793104,0.8723404255319149,0.7704728837595971,0.5363083563197911,0.37913656939324436,0.5349922239502333,0.428927680798005,0.7107438016528925
835,0.3233923316001892,0.8763168766783723,0.7528178375487955,0.558869534442812,0.7068965517241379,0.5942028985507246,0.8723404255319149,0.7712748789671866,0.5391354260837043,0.37455347014133206,0.5318818040435459,0.42643391521197005,0.7066115702479339
836,0.31722569465637207,0.8751291055567032,0.7532740542629616,0.5754144408728871,0.7181818181818181,0.626984126984127,0.8404255319148937,0.7681158002836325,0.5267881822290318,0.39732580792338096,0.5475040257648953,0.44854881266490765,0.7024793388429752
837,0.3194970190525055,0.8745610411072093,0.7529137112093787,0.5651056834865819,0.7117117117117117,0.6171875,0.8404255319148937,0.7617927527018435,0.5130311340206302,0.3943461173803507,0.5454545454545454,0.44415584415584414,0.7066115702479339
838,0.31290391087532043,0.8685705432761827,0.7428079449335316,0.5108248247302365,0.6782608695652174,0.5735294117647058,0.8297872340425532,0.7562472492542422,0.502048678298514,0.36472714390321065,0.5251908396946565,0.41646489104116224,0.7107438016528925
839,0.30842170119285583,0.8656269365833505,0.7423521288447567,0.5399566200236701,0.6960352422907489,0.5939849624060151,0.8404255319148937,0.760932074918089,0.5100019281570397,0.3752523290388279,0.5323076923076923,0.42401960784313725,0.7148760330578512
840,0.30778712034225464,0.8666081388142945,0.7448651481516083,0.5309755317636521,0.6905829596412556,0.5968992248062015,0.8191489361702128,0.7655142060736467,0.5149610856939913,0.3806597414590693,0.5360501567398119,0.4318181818181818,0.7066115702479339
841,0.3144987225532532,0.8702747366246644,0.7410243328752086,0.5254400621503641,0.6864406779661016,0.5704225352112676,0.8617021276595744,0.7578414592400606,0.49725103242727153,0.3573409928814754,0.5200594353640416,0.4060324825986079,0.7231404958677686
842,0.3072133958339691,0.8622185498863871,0.7330689331897721,0.5061167760057181,0.6754385964912281,0.5746268656716418,0.8191489361702128,0.761993251503741,0.49954618173473175,0.36274627991255565,0.5238828967642527,0.4176904176904177,0.7024793388429752
843,0.3116340637207031,0.8703263788473455,0.7480948797346563,0.5204223109105299,0.683982683982684,0.5766423357664233,0.8404255319148937,0.7708592107193507,0.5318840536715698,0.36254242712475726,0.5237366003062787,0.41605839416058393,0.7066115702479339
844,0.29790425300598145,0.8664015699235695,0.7493916000217983,0.5420962336779779,0.6972477064220184,0.6129032258064516,0.8085106382978723,0.7776859504132232,0.5492668987249207,0.386775548038059,0.5401929260450161,0.4421052631578947,0.6942148760330579
845,0.3056979477405548,0.8716174344143772,0.7519878216877837,0.5608543588669941,0.7090909090909091,0.6190476190476191,0.8297872340425532,0.7729766736759744,0.5430098778045748,0.3788598393920279,0.5348101265822784,0.43333333333333335,0.6983471074380165
846,0.3025275766849518,0.8721338566411898,0.7533525867614087,0.5660494301629397,0.7123287671232876,0.624,0.8297872340425532,0.7716758765709815,0.5341993794116014,0.3809901982537516,0.5362776025236593,0.4336734693877551,0.7024793388429752
847,0.29708412289619446,0.878227638917579,0.7598380229629222,0.5608543588669941,0.7090909090909091,0.6190476190476191,0.8297872340425532,0.7741796664873588,0.5320409781870357,0.38435724528018295,0.5385826771653544,0.4351145038167939,0.7066115702479339
848,0.29534196853637695,0.8813261722784548,0.7619842256180087,0.5694447805503636,0.7142857142857143,0.6153846153846154,0.851063829787234,0.7750403442711135,0.531961416236055,0.38680113737453237,0.5401234567901234,0.43103448275862066,0.7231404958677686
849,0.29376572370529175,0.8754389588927908,0.7569268651270408,0.5579271325454543,0.7069767441860465,0.628099173553719,0.8085106382978723,0.7771137952956135,0.537287804639321,0.40038640872262715,0.5495934959349593,0.45308310991957107,0.6983471074380165
850,0.303274542093277,0.885044412311506,0.7676378581679552,0.5688880338488355,0.7136563876651982,0.6090225563909775,0.8617021276595744,0.7694019267445841,0.5233426363868748,0.3861634480636189,0.5397815912636506,0.43358395989974935,0.7148760330578512
851,0.28901195526123047,0.8810163189423673,0.7625485484422929,0.5806258103388094,0.7214611872146118,0.632,0.8404255319148937,0.7702234828108955,0.5243427008962934,0.40245835923421197,0.5510534846029174,0.4533333333333333,0.7024793388429752
852,0.2948587238788605,0.8769365833505475,0.7561259837157143,0.5712830373576967,0.7155963302752294,0.6290322580645161,0.8297872340425532,0.7754217810161866,0.5375370141614996,0.4086831295376053,0.5553772070626003,0.4540682414698163,0.7148760330578512
853,0.28979045152664185,0.8686221854988638,0.7517620758300823,0.5334710688551466,0.6893203883495146,0.6339285714285714,0.7553191489361702,0.7778668883563988,0.5449200703202275,0.4055865587346419,0.5531914893617021,0.45799457994579945,0.6983471074380165
854,0.29860541224479675,0.870223094401983,0.746688693021288,0.5350267213221148,0.6929824561403509,0.5895522388059702,0.8404255319148937,0.7646535282898919,0.5175558380994205,0.3730866939076633,0.5308641975308642,0.4236453201970443,0.7107438016528925
855,0.2968533933162689,0.8669696343730634,0.7441817256301474,0.5354246200161593,0.6933333333333334,0.5954198473282443,0.8297872340425532,0.7610641107144605,0.5062464155498,0.37797580265662956,0.534181240063593,0.43410852713178294,0.6942148760330579
856,0.29426267743110657,0.8668147077050196,0.7457002386839067,0.5566896355178373,0.7064220183486238,0.6209677419354839,0.8191489361702128,0.7634945474106313,0.5190888986556094,0.37582010631907903,0.5324675324675324,0.4385026737967914,0.6776859504132231
857,0.2885981500148773,0.8699648832885767,0.7509475822319589,0.5396554214675836,0.6952789699570815,0.5827338129496403,0.8617021276595744,0.7706391510587316,0.5389541117598018,0.36691332410874705,0.5266362252663622,0.41686746987951806,0.7148760330578512
858,0.3055116534233093,0.8638194587895064,0.7466832470154665,0.5539950308746798,0.704225352112676,0.6302521008403361,0.7978723404255319,0.7729424421732114,0.5379411233123212,0.3960507205741817,0.5466237942122186,0.4473684210526316,0.7024793388429752
859,0.2877427339553833,0.8732183433174964,0.751391031866665,0.5839467698682846,0.7232142857142857,0.6230769230769231,0.8617021276595744,0.7653283779157904,0.5141996208435502,0.3792238388564548,0.535031847133758,0.43523316062176165,0.6942148760330579
860,0.2938600480556488,0.8740446188803966,0.7540473241928645,0.5899745228787799,0.7272727272727273,0.6349206349206349,0.851063829787234,0.7675289745219815,0.5124810821107025,0.40016388131984504,0.5493421052631579,0.4562841530054645,0.6900826446280992
861,0.2899942696094513,0.8722371410865524,0.7546405013073496,0.5608543588669941,0.7090909090909091,0.6190476190476191,0.8297872340425532,0.772673480365788,0.5304245303620672,0.4155240728207123,0.5601317957166392,0.4657534246575342,0.7024793388429752
862,0.27988627552986145,0.8637678165668251,0.7514255639447632,0.5223281071561204,0.6826923076923077,0.6228070175438597,0.7553191489361702,0.7754755733776713,0.5397104198809719,0.42456163422850013,0.5660377358490566,0.4838709677419355,0.6818181818181818
863,0.2945329546928406,0.8755422433381532,0.758360648411181,0.5075523276023233,0.6748971193415638,0.5503355704697986,0.8723404255319149,0.7576458506528436,0.5128814243513594,0.34974026215510967,0.5151515151515151,0.40669856459330145,0.7024793388429752
864,0.3092334270477295,0.8710493699648834,0.7542592856697456,0.5219251516801688,0.6831275720164609,0.5570469798657718,0.8829787234042553,0.7640960438163235,0.5166368359760104,0.3603590934387191,0.522273425499232,0.4156479217603912,0.7024793388429752
865,0.29833629727363586,0.8593265854162363,0.7457692078918723,0.5077439094594609,0.6757990867579908,0.592,0.7872340425531915,0.7749669910509072,0.5350228735859108,0.4000228329350178,0.5490848585690515,0.4596100278551532,0.6818181818181818
866,0.3039490282535553,0.8781759966948978,0.7566739441175004,0.5499917997074876,0.7,0.5753424657534246,0.8936170212765957,0.7609858672795736,0.5186072479464082,0.3516254375553874,0.5162241887905604,0.4013761467889908,0.7231404958677686
867,0.31372204422950745,0.8770915100185913,0.7495984212774464,0.5639366666385115,0.7105263157894737,0.6044776119402985,0.8617021276595744,0.7552692063181573,0.5112268524350497,0.3517447071770371,0.5164179104477612,0.40420560747663553,0.7148760330578512
868,0.32221072912216187,0.8577256765131172,0.7346689602667931,0.5498439478910205,0.696969696969697,0.6634615384615384,0.7340425531914894,0.7676561201036727,0.5321098461059791,0.3866670699737306,0.5397350993377483,0.45027624309392267,0.6735537190082644
869,0.3000716269016266,0.8493079942160712,0.728851641334366,0.5168245876826157,0.6794258373205742,0.6173913043478261,0.7553191489361702,0.7630153063719497,0.5244912675557545,0.36012077264872033,0.5220125786163522,0.4213197969543147,0.6859504132231405
870,0.29554805159568787,0.8601528609791366,0.7356803056198224,0.5061167760057181,0.6754385964912281,0.5746268656716418,0.8191489361702128,0.7589368673284758,0.5168220219538793,0.3637318653616472,0.5245398773006135,0.4170731707317073,0.7066115702479339
871,0.2949252128601074,0.8758520966742408,0.7512763436017101,0.5590180441514202,0.7074235807860262,0.6,0.8617021276595744,0.7616998386229156,0.5178699304743324,0.37876412865517073,0.534621578099839,0.43799472295514513,0.6859504132231405
872,0.3003116846084595,0.87254699442264,0.7496049619167726,0.5745219121707312,0.7174887892376681,0.6201550387596899,0.851063829787234,0.7692405496601302,0.530198169734308,0.39459185283943016,0.5445205479452054,0.4649122807017544,0.6570247933884298
873,0.2883323132991791,0.8677959099359637,0.7485523403371732,0.5371333256129265,0.6923076923076923,0.631578947368421,0.7659574468085106,0.7743165924984108,0.5435710185868189,0.4020104056909169,0.5500848896434635,0.4668587896253602,0.6694214876033058
874,0.294578492641449,0.8688803966122701,0.7384652950209837,0.5404408019145217,0.6964285714285714,0.6,0.8297872340425532,0.7724094087730452,0.5391001385346654,0.3674992966497926,0.526984126984127,0.42783505154639173,0.6859504132231405
875,0.29622116684913635,0.8684156166081388,0.7346682048772966,0.5317341948552083,0.6909090909090909,0.6031746031746031,0.8085106382978723,0.7758570101227444,0.5393682698852351,0.3851299617331364,0.538961038961039,0.44385026737967914,0.6859504132231405
876,0.2908501625061035,0.8579322454038422,0.7312909356683772,0.5413643428790972,0.693069306930693,0.6481481481481481,0.7446808510638298,0.7822191794219766,0.5471283173000017,0.40337607673274334,0.5510204081632653,0.4682080924855491,0.6694214876033058
877,0.28875717520713806,0.8615472009915307,0.7363273437014076,0.5026140308434226,0.6727272727272727,0.5873015873015873,0.7872340425531915,0.777857107927038,0.5371368957826367,0.3783567280407978,0.5344,0.4360313315926893,0.6900826446280992
878,0.28746524453163147,0.8661950010328445,0.7377523550568529,0.5396554214675836,0.6952789699570815,0.5827338129496403,0.8617021276595744,0.773260306127439,0.5243365446752475,0.36687406299943215,0.5266457680250783,0.42424242424242425,0.6942148760330579
879,0.2848614454269409,0.8655752943606694,0.7442446670816607,0.6045346048846728,0.7363636363636363,0.6428571428571429,0.8617021276595744,0.7683798718763754,0.5132930773720842,0.3846742629942494,0.5387096774193548,0.4417989417989418,0.6900826446280992
880,0.28964459896087646,0.8700681677339394,0.7455668605160853,0.5781294605217511,0.7186147186147186,0.6058394160583942,0.8829787234042553,0.7631669030270429,0.5009646321408308,0.3663464508499247,0.5263157894736842,0.4207920792079208,0.7024793388429752
881,0.28422975540161133,0.8724437099772774,0.7507157661169711,0.5984487591862055,0.7321428571428571,0.6307692307692307,0.8723404255319149,0.7648931488092328,0.5073125443485772,0.38808077118829837,0.5411392405063291,0.43846153846153846,0.7066115702479339
882,0.283317506313324,0.8747676099979343,0.7530962367407826,0.6111290561191098,0.7407407407407407,0.6557377049180327,0.851063829787234,0.7658271798131937,0.5191248294959201,0.39961449576838065,0.5490196078431373,0.4540540540540541,0.6942148760330579
883,0.28135713934898376,0.8767816566825036,0.7612361586259222,0.6165226654576322,0.7441860465116279,0.6611570247933884,0.851063829787234,0.7651816714753777,0.5233326271494405,0.3861258377407276,0.5394736842105263,0.44808743169398907,0.6776859504132231
884,0.27956193685531616,0.8761619500103284,0.7607603289334834,0.6097785706905487,0.7397260273972602,0.648,0.8617021276595744,0.7653039268423883,0.5237283852729897,0.3716049284665559,0.5296950240770465,0.4330708661417323,0.6818181818181818
885,0.2769220173358917,0.8737864077669903,0.7577676646597263,0.5765561509638462,0.7188940092165899,0.6341463414634146,0.8297872340425532,0.7702674947430193,0.532796403530482,0.37797580265662956,0.534181240063593,0.43410852713178294,0.6942148760330579
886,0.2770179808139801,0.8741995455484404,0.7597216664750278,0.5872248990015433,0.7255813953488373,0.6446280991735537,0.8297872340425532,0.7773631962443152,0.5400391880424456,0.3928757983251862,0.5442622950819672,0.45108695652173914,0.6859504132231405
887,0.2679075598716736,0.8752840322247469,0.7581778721899188,0.5980639302725242,0.7323943661971831,0.6554621848739496,0.8297872340425532,0.7745513228030709,0.536437548769728,0.3889880066604194,0.5415986949429038,0.4474393530997305,0.6859504132231405
888,0.2795722484588623,0.8666081388142947,0.7529148241907502,0.5712830373576967,0.7155963302752294,0.6290322580645161,0.8297872340425532,0.7650496356790063,0.5284163368271284,0.3711837166623169,0.5295950155763239,0.425,0.7024793388429752
889,0.2785223126411438,0.8652137988019004,0.7482385794283269,0.5703911303695696,0.7142857142857143,0.646551724137931,0.7978723404255319,0.7580957504034427,0.517222666492231,0.3711651786120503,0.5292207792207793,0.4358288770053476,0.6735537190082644
890,0.27914249897003174,0.8751291055567031,0.7549266050570652,0.5725760157734988,0.7162790697674418,0.6363636363636364,0.8191489361702128,0.7587021370238154,0.5203681295814827,0.37627975013576703,0.5326797385620915,0.44054054054054054,0.6735537190082644
891,0.28145790100097656,0.8711526544102458,0.7538697911088927,0.5888388347483857,0.7264150943396226,0.652542372881356,0.8191489361702128,0.7647904543009438,0.5292522034864194,0.38197493800836624,0.5364238410596026,0.44751381215469616,0.6694214876033058
892,0.27487871050834656,0.8595331543069614,0.7447498152247395,0.5505439451659129,0.6995073891625616,0.6513761467889908,0.7553191489361702,0.7663748838574014,0.5305546573182044,0.3959378808702699,0.5460636515912898,0.4591549295774648,0.6735537190082644
893,0.277932733297348,0.8695001032844453,0.7538161705072515,0.5334710688551466,0.6893203883495146,0.6339285714285714,0.7553191489361702,0.773837351459729,0.5363187980450972,0.3902805975153352,0.5424836601307189,0.4486486486486487,0.6859504132231405
894,0.27188098430633545,0.8716690766370585,0.7542940876242239,0.5563357019188953,0.7029702970297029,0.6574074074074074,0.7553191489361702,0.7786591031346277,0.5392113016897182,0.4141430906850116,0.5589225589225589,0.4715909090909091,0.6859504132231405
895,0.27905887365341187,0.8651621565792192,0.747196620556403,0.5597159854126572,0.7058823529411765,0.6545454545454545,0.7659574468085106,0.7828597975451123,0.5461569660064722,0.4107612657495923,0.5568,0.45430809399477806,0.71900826446281
896,0.2830112874507904,0.8685189010535014,0.7488357191300923,0.5354145449653736,0.6919431279620853,0.6239316239316239,0.776595744680851,0.7792361484669178,0.5432364204644161,0.3892267909980406,0.541795665634675,0.43316831683168316,0.7231404958677686
897,0.2891921103000641,0.8669696343730634,0.7558945491464729,0.5563357019188953,0.7029702970297029,0.6574074074074074,0.7553191489361702,0.7787275661401535,0.5451250218691629,0.4155240728207123,0.5601317957166392,0.4657534246575342,0.7024793388429752
898,0.27814602851867676,0.8604627143152241,0.7519895441823128,0.5563357019188953,0.7029702970297029,0.6574074074074074,0.7553191489361702,0.7805516162159519,0.5518511957108323,0.4100842518919301,0.5561139028475712,0.4676056338028169,0.6859504132231405
899,0.27592676877975464,0.8715141499690147,0.7565553371383398,0.5492758857161405,0.7012987012987013,0.5912408759124088,0.8617021276595744,0.771807912367353,0.5370040611829885,0.3595982544550024,0.5217391304347826,0.417910447761194,0.6942148760330579
900,0.2879217863082886,0.8763685189010536,0.7625941741875399,0.5444508158039365,0.6982758620689655,0.5869565217391305,0.8617021276595744,0.7606484424666242,0.5225161759182891,0.37538771121086073,0.532258064516129,0.4365079365079365,0.6818181818181818
